OverallQual,YearBuilt,YearRemodAdd,TotalBsmtSF,GrLivArea,FullBath,Fireplaces,GarageArea,SalePrice,HouseStyle,Condition1,Neighborhood,MSZoning,SaleCondition
7,2003,2003,856,1710,2,0,548,208500,2Story,Norm,CollgCr,RL,Normal
6,1976,1976,1262,1262,2,1,460,181500,1Story,Feedr,Veenker,RL,Normal
7,2001,2002,920,1786,2,1,608,223500,2Story,Norm,CollgCr,RL,Normal
7,1915,1970,756,1717,1,1,642,140000,2Story,Norm,Crawfor,RL,Abnorml
8,2000,2000,1145,2198,2,1,836,250000,2Story,Norm,NoRidge,RL,Normal
5,1993,1995,796,1362,1,0,480,143000,1.5Fin,Norm,Mitchel,RL,Normal
8,2004,2005,1686,1694,2,1,636,307000,1Story,Norm,Somerst,RL,Normal
7,1973,1973,1107,2090,2,2,484,200000,2Story,PosN,NWAmes,RL,Normal
7,1931,1950,952,1774,2,2,468,129900,1.5Fin,Artery,OldTown,RM,Abnorml
5,1939,1950,991,1077,1,2,205,118000,1.5Unf,Artery,BrkSide,RL,Normal
5,1965,1965,1040,1040,1,0,384,129500,1Story,Norm,Sawyer,RL,Normal
9,2005,2006,1175,2324,3,2,736,345000,2Story,Norm,NridgHt,RL,Partial
5,1962,1962,912,912,1,0,352,144000,1Story,Norm,Sawyer,RL,Normal
7,2006,2007,1494,1494,2,1,840,279500,1Story,Norm,CollgCr,RL,Partial
6,1960,1960,1253,1253,1,1,352,157000,1Story,Norm,NAmes,RL,Normal
7,1929,2001,832,854,1,0,576,132000,1.5Unf,Norm,BrkSide,RM,Normal
6,1970,1970,1004,1004,1,1,480,149000,1Story,Norm,NAmes,RL,Normal
4,1967,1967,0,1296,2,0,516,90000,1Story,Norm,Sawyer,RL,Normal
5,2004,2004,1114,1114,1,0,576,159000,1Story,RRAe,SawyerW,RL,Normal
5,1958,1965,1029,1339,1,0,294,139000,1Story,Norm,NAmes,RL,Abnorml
8,2005,2006,1158,2376,3,1,853,325300,2Story,Norm,NridgHt,RL,Partial
7,1930,1950,637,1108,1,1,280,139400,1.5Unf,Norm,IDOTRR,RM,Normal
8,2002,2002,1777,1795,2,1,534,230000,1Story,Norm,CollgCr,RL,Normal
5,1976,1976,1040,1060,1,1,572,129900,1Story,Norm,MeadowV,RM,Normal
5,1968,2001,1060,1060,1,1,270,154000,1Story,Norm,Sawyer,RL,Normal
8,2007,2007,1566,1600,2,1,890,256300,1Story,Norm,NridgHt,RL,Normal
5,1951,2000,900,900,1,0,576,134800,1Story,Norm,NAmes,RL,Normal
8,2007,2008,1704,1704,2,1,772,306000,1Story,Norm,NridgHt,RL,Normal
5,1957,1997,1484,1600,1,2,319,207500,1Story,Norm,NAmes,RL,Normal
4,1927,1950,520,520,1,0,240,68500,1Story,Feedr,BrkSide,RM,Normal
4,1920,1950,649,1317,1,0,250,40000,2Story,Feedr,IDOTRR,C (all),Normal
5,1966,2006,1228,1228,1,0,271,149350,1Story,Norm,Sawyer,RL,Normal
8,2007,2007,1234,1234,2,0,484,179900,1Story,Norm,CollgCr,RL,Normal
5,1959,1959,1398,1700,1,1,447,165500,1Story,Norm,NAmes,RL,Normal
9,2005,2005,1561,1561,2,1,556,277500,1Story,Norm,NridgHt,RL,Normal
8,2004,2005,1117,2452,3,1,691,309000,2Story,Norm,NridgHt,RL,Normal
5,1994,1995,1097,1097,1,0,672,145000,1Story,Norm,CollgCr,RL,Normal
5,1954,1990,1297,1297,1,1,498,153000,1Story,Norm,NAmes,RL,Normal
5,1953,2007,1057,1057,1,0,246,109000,1Story,Norm,NAmes,RL,Abnorml
4,1955,1955,0,1152,2,0,0,82000,1Story,Norm,Edwards,RL,AdjLand
6,1965,1965,1088,1324,2,1,440,160000,1Story,Norm,NAmes,RL,Abnorml
5,1959,1959,1350,1328,1,2,308,170000,1Story,Norm,Timber,RL,Normal
5,1983,1983,840,884,1,0,504,144000,SFoyer,Norm,SawyerW,RL,Normal
5,1975,1980,938,938,1,0,308,130250,1Story,Norm,CollgCr,RL,Normal
5,1959,1959,1150,1150,1,0,300,141000,1Story,Norm,NAmes,RL,Normal
9,2005,2005,1752,1752,2,1,576,319900,1Story,Norm,NridgHt,RL,Normal
7,2003,2003,1434,2149,1,1,670,239686,1.5Fin,Norm,Mitchel,RL,Abnorml
8,2006,2006,1656,1656,2,0,826,249700,1Story,Norm,Somerst,FV,Normal
4,1920,2008,736,1452,2,0,0,113000,2Story,Norm,OldTown,RM,Partial
5,1966,1966,955,955,1,0,386,127000,1Story,Norm,Sawyer,RL,Normal
6,1997,1997,794,1470,2,0,388,177000,2Story,Norm,Gilbert,RL,Normal
6,1934,1950,816,1176,1,1,528,114500,1.5Fin,Norm,BrkSide,RM,Normal
5,1963,1963,816,816,1,0,516,110000,1Story,RRNn,IDOTRR,RM,Normal
9,1981,1987,1842,1842,0,1,894,385000,1Story,Norm,Veenker,RL,Normal
5,1955,1955,384,1360,1,1,572,130000,SLvl,Norm,NAmes,RL,Normal
6,1964,1964,1425,1425,2,1,576,180500,1Story,Norm,NAmes,RL,Normal
8,1999,2000,970,1739,2,0,480,172500,2Story,Norm,Somerst,FV,Abnorml
7,2004,2004,860,1720,2,0,565,196500,2Story,Norm,CollgCr,RL,Normal
10,2006,2006,1410,2945,3,1,641,438780,2Story,Norm,StoneBr,RL,Partial
5,1972,1972,780,780,1,0,352,124900,1Story,Norm,CollgCr,RL,Normal
6,2004,2004,1158,1158,1,0,576,158000,1Story,RRAe,SawyerW,RL,Partial
5,1920,1996,530,1111,1,0,288,101000,2.5Unf,Norm,IDOTRR,RM,Normal
8,2006,2006,1370,1370,2,1,484,202500,1Story,Norm,NridgHt,RL,Normal
7,1921,1950,576,1710,2,0,480,140000,2Story,RRAn,OldTown,RM,Normal
7,1997,1998,1057,2034,2,0,645,219500,2Story,Norm,CollgCr,RL,Normal
8,2004,2005,1143,2473,2,1,852,317000,2Story,Norm,NridgHt,RL,Normal
7,1970,1989,1947,2207,2,1,576,180000,1Story,PosA,NAmes,RL,Normal
7,2003,2003,1453,1479,2,0,558,226000,1Story,Norm,CollgCr,RL,Normal
4,1945,1950,747,747,1,0,220,80000,1Story,Artery,OldTown,RM,Normal
7,1953,1953,1304,2287,2,1,667,225000,1.5Fin,Norm,ClearCr,RL,Normal
7,1973,1973,2223,2223,2,2,516,244000,1Story,Norm,NAmes,RL,Normal
4,1982,2006,845,845,1,0,360,129500,1Story,Norm,Mitchel,RL,Normal
7,1998,1998,832,1718,2,1,427,185000,2Story,Norm,Gilbert,RL,Normal
5,1954,2003,1086,1086,1,0,490,144900,1Story,Norm,NAmes,RL,Normal
3,1915,1950,840,1605,2,0,379,107400,2Story,Norm,OldTown,RM,Normal
4,1973,1973,462,988,1,0,297,91000,SLvl,Norm,MeadowV,RM,Normal
4,1956,1956,952,952,1,0,283,135750,1Story,Norm,NAmes,RL,Normal
5,1948,2001,672,1285,1,0,240,127000,1.5Fin,Norm,BrkSide,RM,Normal
4,1968,1968,1768,1768,2,0,0,136500,1Story,Norm,Sawyer,RL,Normal
5,1910,1981,440,1230,1,0,440,110000,2Story,Norm,OldTown,RM,Normal
6,1968,1968,896,2142,2,1,509,193500,2Story,Norm,NAmes,RL,Normal
6,1998,1998,1237,1337,2,0,405,153500,1Story,Norm,Mitchel,RM,Normal
8,2007,2007,1563,1563,2,1,758,245000,1Story,Norm,Somerst,RL,Normal
5,1960,1960,1065,1065,1,0,461,126500,1Story,Norm,NAmes,RL,Normal
7,1995,1996,384,1474,2,1,400,168500,SLvl,Norm,Gilbert,RL,Normal
8,1991,1992,1288,2417,2,1,462,260000,2Story,Norm,NoRidge,RL,Normal
6,2005,2005,684,1560,2,1,400,174000,2Story,Norm,Gilbert,RL,Normal
6,2009,2009,612,1224,2,0,528,164500,2Story,Norm,Somerst,FV,Partial
3,1915,1982,1013,1526,1,0,0,85000,1.5Fin,Feedr,IDOTRR,C (all),Abnorml
4,1994,1995,990,990,1,0,0,123600,1Story,Norm,CollgCr,RL,Normal
4,1950,1950,0,1040,1,0,420,109900,1Story,Norm,NAmes,RL,Normal
5,1961,1961,1235,1235,1,0,480,98600,1Story,Norm,NAmes,RL,Abnorml
5,1921,2006,876,964,1,0,432,163500,1Story,Norm,Crawfor,RL,Normal
6,1910,1998,1214,2291,2,1,506,133900,2.5Unf,Norm,OldTown,C (all),Normal
6,1997,1997,824,1786,2,0,684,204750,2Story,Norm,CollgCr,RL,Normal
6,1993,1993,680,1470,2,1,420,185000,2Story,Norm,Gilbert,RL,Normal
7,1999,1999,1588,1588,2,0,472,214000,1Story,Norm,CollgCr,RL,Normal
4,1965,1965,960,960,1,0,432,94750,1Story,Norm,Edwards,RL,Normal
5,1920,1950,458,835,1,0,366,83000,1Story,Norm,Edwards,RL,Abnorml
4,1959,1959,950,1225,1,0,0,128950,1Story,Norm,NAmes,RL,Normal
6,1977,2001,1610,1610,2,2,480,205000,1Story,Norm,NWAmes,RL,Normal
6,1985,1985,741,1732,2,1,476,178000,2Story,Norm,SawyerW,RL,Normal
5,1979,1979,0,1535,2,0,410,118964,1Story,Norm,SawyerW,RL,Alloca
7,2009,2009,1226,1226,2,0,740,198900,1Story,Norm,CollgCr,RL,Normal
7,1931,1950,1040,1818,1,2,240,169500,1.5Fin,Norm,IDOTRR,RM,Normal
8,2003,2004,1053,1992,2,1,648,250000,2Story,Norm,Somerst,FV,Normal
4,1885,1995,641,1047,1,0,273,100000,1Story,Norm,OldTown,RM,Normal
5,1948,1950,789,789,1,0,250,115000,1Story,Norm,OldTown,RM,Partial
5,1919,2005,793,1517,2,0,0,115000,1.5Fin,Artery,IDOTRR,RM,Normal
6,1977,1977,1844,1844,2,1,546,190000,1Story,Norm,NWAmes,RL,Normal
6,1954,1972,994,1855,2,0,325,136900,1.5Fin,Norm,Edwards,RL,Normal
7,2000,2000,384,1430,2,1,400,180000,SLvl,Norm,Gilbert,RL,Normal
7,2007,2007,1264,2696,2,1,792,383970,2Story,Norm,CollgCr,RL,Partial
6,1953,1953,1809,2259,2,2,450,217000,1Story,Norm,Crawfor,RL,Abnorml
6,1945,2002,1028,2320,2,1,180,259500,2Story,Norm,Crawfor,RL,Normal
6,1999,1999,729,1458,2,1,440,176000,2Story,Norm,Somerst,FV,Normal
5,1962,1962,1092,1092,1,1,288,139000,1Story,Norm,Sawyer,RL,Normal
5,2006,2007,1125,1125,1,0,430,155000,1Story,Norm,Edwards,RL,Partial
7,1990,1990,1673,3222,3,2,594,320000,2Story,Norm,SawyerW,RL,Normal
6,2005,2006,728,1456,2,1,390,163990,2Story,Norm,CollgCr,RL,Partial
6,1969,1969,938,988,1,2,540,180000,SLvl,Norm,ClearCr,RL,Normal
4,1939,1950,732,1123,1,0,264,100000,1.5Fin,Norm,IDOTRR,RM,Normal
6,1958,1958,1080,1080,1,0,288,136000,1Story,Norm,NAmes,RL,Normal
6,1993,1993,1199,1199,2,0,530,153900,1Story,Norm,SawyerW,RL,Normal
6,1979,1998,1362,1586,2,1,435,181000,1Story,Norm,NWAmes,RL,Normal
6,1935,1982,520,754,1,0,0,84500,1.5Fin,Norm,IDOTRR,RM,Normal
6,1976,1976,1078,958,2,1,440,128000,1Story,Norm,NPkVill,RL,Normal
5,1930,1950,672,840,1,1,0,87000,1.5Unf,Feedr,OldTown,RM,Normal
6,1966,1966,660,1348,1,1,453,155000,2Story,PosN,NAmes,RL,Normal
5,1958,1991,1008,1053,1,0,750,150000,1Story,Norm,NAmes,RL,Abnorml
7,1966,1966,924,2157,2,2,487,226000,2Story,Norm,NAmes,RL,Normal
6,2000,2000,992,2054,2,1,390,244000,2Story,Norm,Gilbert,RL,Normal
5,1959,2002,1063,1327,1,0,624,150750,1Story,Norm,NAmes,RL,Normal
8,2001,2002,1267,1296,2,0,471,220000,1Story,Norm,Timber,RL,Normal
5,1968,1993,1461,1721,2,1,440,180000,1Story,Norm,Sawyer,RL,Normal
7,1970,1970,1304,1682,2,1,530,174000,1Story,Norm,NWAmes,RL,Normal
5,1967,1967,1214,1214,2,1,318,143000,1Story,Norm,NAmes,RL,Normal
7,1988,1989,1907,1959,3,0,766,171000,1Story,Norm,Mitchel,RL,Family
8,1999,2000,1004,1852,2,2,660,230000,2Story,Norm,CollgCr,RL,Normal
6,1997,1997,928,1764,2,0,470,231500,2Story,Norm,CollgCr,RL,Normal
4,1971,1971,864,864,1,1,0,115000,1Story,Norm,NAmes,RL,Normal
7,2005,2005,1734,1734,2,0,660,260000,1Story,Norm,CollgCr,RL,Normal
5,1952,1952,910,1385,2,0,720,166000,1.5Fin,Artery,NAmes,RL,Normal
7,1999,1999,1490,1501,2,0,577,204000,1Story,Norm,CollgCr,RL,Normal
5,1963,1963,1728,1728,2,0,504,125000,1Story,RRAe,Sawyer,RM,Abnorml
6,2004,2006,970,1709,2,0,380,130000,2Story,Norm,Edwards,RM,Normal
5,1931,1993,715,875,1,0,180,105000,1Story,Norm,BrkSide,RM,Normal
7,2001,2001,884,2035,2,1,434,222500,2Story,Norm,Gilbert,RL,Normal
7,2004,2005,1080,1080,1,0,0,141000,1Story,Norm,SawyerW,RL,Normal
5,1936,1950,896,1344,1,0,240,115000,1.5Fin,Norm,BrkSide,RM,Normal
5,1975,1975,969,969,1,0,440,122000,1Story,Norm,CollgCr,RL,Normal
8,2007,2008,1710,1710,2,1,866,372402,1Story,Norm,NridgHt,RL,Partial
6,1971,1971,825,1993,2,1,495,190000,2Story,Norm,NWAmes,RL,Normal
6,1960,1975,1602,1252,1,1,564,235000,1Story,Norm,ClearCr,RL,Normal
6,1923,1950,1200,1200,1,0,312,125000,1Story,Norm,OldTown,RM,Family
6,1924,1950,572,1096,1,0,0,79000,1.5Fin,Artery,Edwards,RL,Normal
5,1950,1950,0,1040,1,0,625,109500,1Story,Norm,NAmes,RL,Normal
8,2009,2010,774,1968,2,1,680,269500,2Story,Norm,Timber,RL,Partial
7,2004,2005,991,1947,2,1,678,254900,2Story,Norm,Somerst,FV,Normal
7,2005,2006,1392,2462,2,1,576,320000,2Story,Norm,Gilbert,RL,Partial
6,1984,1984,1232,1232,2,0,516,162500,1Story,Norm,Veenker,RL,Normal
9,2003,2004,1572,2668,2,2,726,412500,2Story,Norm,NridgHt,RL,Normal
7,2005,2005,1541,1541,2,1,532,220000,1Story,Norm,NridgHt,RL,Partial
4,1956,1956,882,882,1,0,0,103200,1.5Unf,Norm,OldTown,RL,Normal
6,1926,2004,1149,1616,2,0,216,152000,1Story,Norm,OldTown,RM,Normal
5,1940,1999,644,1355,2,0,0,127500,1.5Fin,Norm,Edwards,RL,Normal
5,1955,1993,1617,1867,1,3,303,190000,1Story,Norm,ClearCr,RL,Normal
8,2007,2007,1582,2161,1,1,789,325624,2Story,Norm,NridgHt,RL,Partial
7,2004,2004,840,1720,2,1,440,183500,2Story,Norm,Gilbert,RL,Normal
8,1981,1981,1686,1707,2,1,511,228000,1Story,Norm,Timber,RL,Normal
5,1941,1950,720,1382,1,0,660,128500,1.5Fin,Feedr,OldTown,RM,Normal
6,1960,1960,1080,1656,1,2,528,215000,1Story,Norm,NAmes,RL,Normal
7,1987,1987,1064,1767,2,1,504,239000,2Story,Norm,StoneBr,RL,Normal
6,1961,1961,1362,1362,1,1,504,163000,1Story,Norm,NAmes,RL,Normal
6,1986,1986,1606,1651,2,1,616,184000,1Story,Norm,Timber,RL,Normal
6,1950,2001,1202,2158,2,1,576,243000,1Story,Norm,Edwards,RL,Normal
6,1988,1989,1151,2060,2,1,521,211000,2Story,Norm,ClearCr,RL,Normal
5,1958,1958,1052,1920,2,1,451,172500,1.5Fin,Norm,Sawyer,RL,Normal
9,2008,2009,2216,2234,2,1,1166,501837,1Story,Norm,StoneBr,RL,Partial
5,1923,2006,968,968,1,0,480,100000,1Story,Norm,OldTown,RM,Normal
6,2000,2000,756,1525,2,1,440,177000,2Story,Norm,Somerst,FV,Normal
7,1920,1950,793,1802,1,1,216,200100,2Story,Norm,Crawfor,RL,Normal
5,1957,2006,0,1340,1,1,252,120000,1Story,Artery,Edwards,RL,Normal
7,2003,2003,1362,2082,2,0,484,200000,1.5Fin,Norm,OldTown,RM,Normal
5,1908,1991,504,1252,1,0,576,127000,1.5Fin,RRAn,BrkSide,RL,Normal
10,1892,1993,1107,3608,2,2,840,475000,2.5Fin,Artery,OldTown,RM,Normal
7,1990,1991,1188,1217,2,0,497,173000,SLvl,Norm,Mitchel,RL,Normal
5,1916,1987,660,1656,2,0,180,135000,1.5Fin,Norm,OldTown,RL,Normal
5,1979,1979,1086,1224,0,2,528,153337,SFoyer,Feedr,SawyerW,RL,Alloca
8,2001,2002,1593,1593,1,1,682,286000,1Story,Norm,StoneBr,RL,Normal
8,1932,1994,853,2727,2,2,440,315000,2Story,Norm,Crawfor,RL,Normal
7,1972,2004,725,1479,1,0,484,184000,2Story,Norm,NAmes,RL,Normal
7,1999,1999,1431,1431,2,0,666,192000,1Story,Norm,CollgCr,RL,Normal
7,2004,2004,970,1709,2,0,380,130000,2Story,Norm,Edwards,RM,Normal
5,1972,1972,864,864,1,0,352,127000,1Story,Norm,CollgCr,RL,Normal
6,1976,1976,855,1456,2,1,440,148500,2Story,Norm,NPkVill,RL,Normal
7,2007,2007,1726,1726,2,1,786,311872,1Story,Norm,Somerst,RL,Partial
8,1918,1990,1360,3112,2,1,795,235000,2Story,Artery,NAmes,RL,Abnorml
6,1912,1950,755,2229,1,0,0,104000,2.5Fin,Norm,OldTown,RM,Abnorml
8,2004,2005,1713,1713,2,1,856,274900,1Story,Norm,NridgHt,RL,Normal
4,2003,2004,1121,1121,2,0,440,140000,1Story,Norm,Edwards,RM,Normal
6,1977,1977,1196,1279,2,2,473,171500,1Story,Norm,Mitchel,RL,Normal
6,1924,1950,617,1310,2,0,398,112000,1.5Fin,Artery,OldTown,RL,Normal
6,2004,2004,848,848,1,1,420,149000,1Story,Norm,CollgCr,RM,Normal
5,1947,1950,720,1284,1,0,240,110000,1.5Fin,Norm,OldTown,RM,Normal
7,1990,1990,1424,1442,2,0,500,180500,1Story,Norm,Gilbert,RL,Normal
5,1962,1962,1140,1696,1,1,349,143900,1Story,RRAe,Sawyer,RL,Normal
4,1960,1960,1100,1100,1,1,312,141000,1Story,Norm,NAmes,RL,Normal
7,1988,1989,1157,2062,2,1,454,277000,2Story,Norm,SawyerW,RL,Normal
6,1964,1964,1092,1092,1,0,504,145000,1Story,Norm,NAmes,RL,Normal
5,1925,1950,864,864,1,0,0,98000,1Story,Norm,Edwards,RL,Normal
6,2009,2009,1212,1212,2,0,460,186000,1Story,Norm,Edwards,RL,Normal
7,2009,2009,900,1852,2,1,644,252678,2Story,Norm,Somerst,FV,Partial
5,1995,1995,990,990,1,0,576,156000,1Story,Norm,CollgCr,RL,Normal
6,1977,1977,689,1392,1,0,299,161750,2Story,Norm,CollgCr,RL,Normal
5,1957,1996,1070,1236,1,1,447,134450,1Story,Norm,NAmes,RL,Normal
7,2004,2004,1436,1436,2,0,484,210000,1Story,Norm,CollgCr,RL,Normal
4,1925,1950,686,1328,1,0,210,107000,2Story,Norm,OldTown,RM,Family
7,1939,2006,798,1954,1,2,431,311500,1.5Fin,Norm,Crawfor,RL,Normal
7,2005,2006,1248,1248,2,0,438,167240,1Story,Norm,Blmngtn,RL,Partial
7,2006,2006,1498,1498,2,0,675,204900,1Story,Norm,CollgCr,RL,Partial
6,2002,2002,1010,2267,2,1,390,200000,2Story,Norm,Gilbert,RL,Normal
6,1975,1975,713,1552,2,1,434,179900,2Story,RRAn,NWAmes,RL,Normal
4,1971,1971,864,864,1,0,576,97000,1Story,Norm,NAmes,RL,Abnorml
10,2003,2003,2392,2392,2,1,968,386250,1Story,Norm,NridgHt,RL,Normal
5,1971,1971,630,1302,2,0,280,112000,2Story,Norm,BrDale,RM,Abnorml
7,1995,1995,1203,2520,2,1,721,290000,2Story,Norm,NoRidge,RL,Abnorml
6,1970,1970,483,987,1,0,280,106000,2Story,Norm,BrDale,RM,Normal
5,1967,1967,912,912,1,1,336,125000,1Story,Feedr,Sawyer,RL,Normal
7,2005,2006,1373,1555,2,1,430,192500,1Story,Norm,Blmngtn,RL,Normal
6,1959,1959,1194,1194,1,0,312,148000,1Story,Norm,NAmes,RL,Normal
8,1995,1996,1462,2794,2,1,810,403000,2Story,Norm,NoRidge,RL,Normal
6,1972,1972,483,987,1,1,288,94500,2Story,Norm,BrDale,RM,Normal
5,1976,1976,894,894,1,0,308,128200,1Story,Norm,CollgCr,RL,Normal
6,2002,2002,860,1960,2,2,440,216500,2Story,Norm,Gilbert,RL,Normal
6,1971,1971,483,987,1,0,264,89500,2Story,Norm,BrDale,RM,Normal
7,2004,2004,1414,1414,2,0,494,185500,1Story,Norm,CollgCr,RL,Normal
7,1993,2003,996,1744,2,0,457,194500,2Story,RRNe,SawyerW,RL,Normal
8,2007,2007,1694,1694,2,0,818,318000,1Story,Norm,NridgHt,RL,Partial
6,1945,1950,735,1487,1,1,220,113000,1.5Fin,Norm,Edwards,RL,Normal
8,2008,2008,1566,1566,2,0,750,262500,1Story,Norm,Somerst,FV,Normal
5,1945,1997,686,866,1,0,0,110500,1Story,Norm,OldTown,RM,Normal
5,1900,1950,540,1440,1,0,352,79000,1.5Fin,Norm,OldTown,RM,Normal
6,1980,1980,626,1217,1,1,288,120000,2Story,Norm,SawyerW,RL,Normal
7,1994,2002,948,2110,2,2,463,205000,2Story,Norm,SawyerW,RL,Normal
7,1988,1988,1845,1872,2,1,604,241500,1Story,Norm,NWAmes,RL,Normal
6,1910,1950,1020,1928,2,0,440,137000,2Story,Norm,OldTown,RM,Normal
6,1954,1954,1367,1375,1,1,451,140000,1Story,Norm,NAmes,RL,Normal
7,2003,2003,840,1668,2,0,500,180000,2Story,Norm,CollgCr,RL,Normal
6,1958,2006,1444,2144,2,2,389,277000,1.5Fin,Norm,ClearCr,RL,Normal
3,1940,1966,728,1306,1,0,0,76500,1Story,Norm,BrkSide,RL,Normal
8,2006,2007,1573,1625,2,1,538,235000,1Story,Norm,Crawfor,RM,Family
6,2004,2004,798,1640,2,0,520,173000,2Story,Norm,SawyerW,RL,Normal
6,1964,1991,1302,1302,2,0,309,158000,SLvl,Norm,NAmes,RL,Normal
5,1957,1957,1314,1314,1,0,294,145000,1Story,Norm,NAmes,RL,Normal
7,1999,1999,975,2291,2,1,429,230000,2Story,Norm,Gilbert,RL,Normal
6,2003,2003,864,1728,2,0,673,207500,2Story,Norm,Somerst,FV,Normal
7,2006,2006,1604,1604,2,1,660,220000,1Story,Norm,CollgCr,RL,Abnorml
7,2001,2001,963,1792,2,1,564,231500,2Story,Norm,CollgCr,RL,Normal
5,1956,1956,0,882,1,0,308,97000,1Story,Norm,OldTown,RM,Normal
6,1962,1962,1362,1382,1,1,884,176000,SLvl,Artery,NAmes,RL,Normal
8,2007,2007,1482,2574,2,1,868,276000,2Story,Norm,CollgCr,RL,Partial
6,1977,1995,506,1212,1,1,492,151000,SLvl,Norm,Sawyer,RL,Normal
5,1929,2001,926,1316,1,0,484,130000,1.5Fin,Norm,OldTown,RM,Normal
5,1925,2004,680,764,1,0,504,73000,1Story,Artery,OldTown,RM,Normal
6,1981,1981,1422,1422,2,1,576,175500,1Story,Norm,NWAmes,RL,Normal
6,1997,1997,802,1511,2,1,413,185000,2Story,Norm,Gilbert,RL,Normal
5,1939,1997,720,2192,2,1,240,179500,2.5Fin,Norm,SWISU,RL,Normal
5,1940,1955,740,778,1,1,924,120500,1Story,Norm,IDOTRR,RM,Normal
6,1976,1976,1143,1113,1,1,504,148000,1Story,Norm,Edwards,RL,Normal
8,2006,2006,1095,1939,2,1,1053,266000,2Story,Norm,Somerst,FV,Partial
7,1954,2005,1385,1363,1,2,439,241500,1Story,Norm,ClearCr,RL,Normal
8,1999,2007,1152,2270,2,1,671,290000,2Story,Norm,NoRidge,RL,Normal
6,1958,1988,1240,1632,2,1,338,139000,1Story,Feedr,NAmes,RL,Normal
5,1982,1982,816,816,1,0,264,124500,1Story,Norm,Mitchel,RL,Normal
7,1925,2007,952,1548,2,0,672,205000,1.5Fin,Norm,BrkSide,RL,Normal
7,2003,2003,1560,1560,2,0,573,201000,1Story,Norm,Mitchel,RL,Normal
4,1951,1951,864,864,1,0,400,141000,1Story,Norm,Gilbert,RL,Normal
9,2006,2007,2121,2121,2,1,732,415298,1Story,Norm,NridgHt,RL,Partial
7,1977,1977,1160,2022,2,1,505,192000,2Story,Norm,ClearCr,RL,Normal
7,1989,1989,807,1982,2,1,575,228500,2Story,Norm,SawyerW,RL,Normal
6,2006,2006,1262,1262,2,0,572,185000,1Story,Norm,Somerst,FV,Partial
7,2007,2008,1314,1314,2,1,626,207500,1Story,Norm,NridgHt,RL,Normal
8,2008,2009,1468,1468,2,1,898,244600,1Story,Feedr,Somerst,RL,Partial
6,1992,1992,1575,1575,2,0,529,179200,1Story,Norm,SawyerW,RL,Normal
7,2006,2007,625,1250,2,0,528,164700,2Story,Norm,Somerst,FV,Partial
6,1962,1981,912,1734,1,1,440,159000,1.5Fin,Norm,NAmes,RL,Normal
4,1971,1971,858,858,1,0,0,88000,1Story,Norm,NAmes,RL,Normal
5,1967,1967,882,900,1,0,280,122000,1Story,Norm,Sawyer,RL,Normal
6,1915,2003,698,1396,1,0,384,153575,2Story,RRAn,BrkSide,RL,Normal
8,2006,2006,1079,1919,2,1,685,233230,2Story,Norm,CollgCr,RL,Partial
5,1912,2000,780,1716,2,0,0,135900,2Story,Norm,SWISU,RL,Normal
5,1949,2008,768,1716,1,1,281,131000,1.5Fin,Norm,Edwards,RL,Normal
7,1977,1994,795,2263,2,1,539,235000,2Story,PosA,NWAmes,RL,Normal
6,1953,1953,1416,1644,1,2,418,167000,1Story,Norm,NAmes,RL,Normal
6,1984,1984,1003,1003,1,0,588,142500,SLvl,Norm,Mitchel,RL,Normal
5,1950,1950,910,1558,1,0,282,152000,1.5Fin,Norm,IDOTRR,RM,Normal
7,1997,1998,975,1950,2,1,576,239000,2Story,Norm,Somerst,FV,Normal
6,1968,1968,702,1743,1,1,539,175000,2Story,Norm,NWAmes,RL,Normal
6,1950,2004,1092,1152,1,1,300,158500,1Story,Norm,Crawfor,RL,Family
5,1953,1953,1165,1336,1,2,375,157000,1Story,Norm,Crawfor,RL,Normal
8,1998,1999,1028,2452,2,1,683,267000,2Story,Norm,CollgCr,RL,Normal
7,2001,2002,1541,1541,2,1,843,205000,1Story,Norm,CollgCr,RL,Normal
5,1972,1972,894,894,1,0,552,149900,1Story,Norm,CollgCr,RL,Abnorml
7,1880,2002,1470,3493,3,1,870,295000,2.5Fin,Norm,OldTown,RM,Normal
8,2004,2005,2000,2000,2,0,888,305900,1Story,Norm,CollgCr,RL,Normal
7,1990,1991,700,2243,2,1,746,225000,2Story,Feedr,SawyerW,RL,Normal
6,1920,1950,319,1406,1,0,0,89500,1.5Fin,Artery,IDOTRR,RM,Normal
4,1940,1950,861,861,1,0,539,82500,1Story,Norm,Edwards,RL,Normal
9,2003,2004,1896,1944,2,3,708,360000,1Story,Norm,NridgHt,RL,Normal
6,1993,1994,697,1501,2,1,420,165600,2Story,Norm,Gilbert,RL,Normal
6,1948,2002,972,972,1,1,240,132000,1Story,Norm,NAmes,RL,Normal
5,1939,1950,793,1118,1,1,410,119900,1.5Fin,Artery,OldTown,RM,Normal
7,1965,1965,2136,2036,2,2,513,375000,1Story,Norm,Timber,RL,Normal
7,1925,1990,728,1641,1,1,546,178000,2Story,Norm,OldTown,RM,Normal
7,2004,2005,716,1432,2,1,432,188500,2Story,Norm,Gilbert,RL,Normal
7,1980,1980,845,2353,2,1,484,260000,2Story,Norm,NWAmes,RL,Normal
8,2006,2006,1088,1959,2,1,1025,270000,2Story,Norm,Somerst,FV,Normal
7,1993,1993,1347,2646,2,1,656,260000,2Story,Norm,NoRidge,RL,Normal
7,1980,1980,1372,1472,2,2,588,187500,SLvl,Norm,NWAmes,RL,Normal
9,2006,2006,1249,2596,3,0,840,342643,2Story,Norm,NridgHt,RL,Partial
8,2004,2004,1136,2468,2,1,872,354000,2Story,Norm,NridgHt,RL,Normal
7,1986,1987,1502,2730,2,1,576,301000,2Story,Norm,SawyerW,RL,Normal
3,1955,2005,1162,1163,1,0,220,126175,1Story,Norm,OldTown,RM,Normal
7,1967,2007,710,2978,2,1,564,242000,SLvl,PosN,NAmes,RL,Normal
5,1941,1950,720,803,1,0,360,87000,1.5Unf,RRAe,IDOTRR,RM,Normal
8,1993,1993,1719,1719,1,2,473,324000,1Story,Norm,Veenker,RL,Normal
6,1960,1960,1383,1383,1,0,292,145250,1Story,Norm,NAmes,RL,Normal
6,1916,1994,844,2134,2,0,441,214500,2.5Unf,PosN,BrkSide,RL,Normal
5,1920,1950,596,1192,1,0,189,78000,2Story,Norm,IDOTRR,RM,Normal
5,1964,1964,1728,1728,2,0,352,119000,1Story,Norm,NAmes,RL,Normal
5,1958,1992,1056,1056,1,0,308,139000,1Story,Norm,NAmes,RL,Normal
8,2003,2004,3206,1629,2,1,880,284000,1Story,Norm,NridgHt,RL,Normal
7,2004,2004,1358,1358,2,1,484,207000,1Story,Norm,NridgHt,RM,Normal
6,1998,1998,943,1638,2,2,472,192000,2Story,Norm,Gilbert,RL,Normal
5,1965,1965,1499,1786,2,2,529,228950,1.5Fin,Norm,Timber,RL,Normal
9,2005,2006,1922,1922,2,1,676,377426,1Story,Norm,StoneBr,RL,Normal
7,2002,2003,1536,1536,2,0,532,214000,1Story,Norm,CollgCr,RL,Normal
7,1984,1998,1208,1621,2,0,440,202500,1Story,Norm,NWAmes,RL,Normal
6,1958,1998,1215,1215,1,0,297,155000,1Story,Feedr,NAmes,RL,Normal
8,2002,2002,967,1908,2,0,431,202900,2Story,Norm,Timber,RL,Normal
4,1950,1950,721,841,1,0,294,82000,1Story,Feedr,SawyerW,RH,Normal
3,1949,1950,0,1040,2,0,400,87500,1Story,Norm,NAmes,RL,Normal
9,2005,2005,1684,1684,2,1,564,266000,1Story,Norm,NridgHt,RL,Normal
5,1976,1976,536,1112,1,0,336,85000,2Story,Norm,MeadowV,RM,Normal
6,1939,1950,972,1577,1,1,312,140200,1.5Fin,RRAn,BrkSide,RL,Normal
6,1960,1998,958,958,1,0,301,151500,1Story,Norm,NAmes,RL,Normal
6,1960,1960,1478,1478,2,2,498,157500,1Story,Norm,NAmes,RL,Normal
7,2003,2004,764,1626,2,0,474,154000,2Story,Norm,NridgHt,RL,Normal
9,2005,2006,1848,2728,2,2,706,437154,2Story,Norm,NridgHt,RL,Partial
9,2007,2007,1869,1869,2,1,617,318061,1Story,Norm,NridgHt,RL,Partial
7,1986,1986,1453,1453,1,1,445,190000,1Story,Norm,ClearCr,RL,Abnorml
5,1941,1950,616,1111,1,0,200,95000,1.5Fin,Artery,Edwards,RL,Normal
6,1928,2003,624,720,1,0,484,105900,1Story,Norm,OldTown,RM,Normal
6,1940,2000,940,1595,1,2,240,140000,1.5Fin,Norm,SWISU,RL,Normal
6,1995,1995,1200,1200,2,0,521,177500,1Story,Norm,CollgCr,RL,Normal
6,1992,1992,1158,1167,2,0,400,173000,1Story,Norm,Gilbert,RL,Normal
5,1976,1976,1142,1142,1,1,528,134000,1Story,Norm,MeadowV,RM,Normal
5,1958,1958,1062,1352,1,0,288,130000,SLvl,Norm,ClearCr,RL,Abnorml
8,1998,1998,1086,1924,2,1,592,280000,2Story,Norm,NoRidge,RL,Normal
6,1978,1978,888,912,1,1,470,156000,SFoyer,Norm,Mitchel,RL,Normal
5,1940,1982,883,1505,1,0,240,145000,1.5Fin,Norm,BrkSide,RL,Normal
7,2003,2003,0,1922,3,1,672,198500,SFoyer,Norm,Edwards,RL,Normal
6,1972,2007,483,987,1,0,264,118000,2Story,Norm,BrDale,RM,Normal
6,1976,1976,796,1574,2,1,566,190000,2Story,Norm,NWAmes,RL,Normal
5,1920,1997,672,1344,1,0,468,147000,2Story,Norm,IDOTRR,RM,Normal
6,1963,1963,1394,1394,1,2,514,159000,1Story,Norm,NAmes,RL,Normal
6,1962,1962,1099,1431,1,1,296,165000,SLvl,Norm,NAmes,RL,Normal
5,1954,1954,1268,1268,1,1,244,132000,1Story,Norm,NAmes,RL,Normal
5,1959,2006,1063,1287,1,1,576,162000,1Story,Norm,NAmes,RL,Normal
6,2000,2000,953,1664,2,1,460,172400,2Story,Norm,Gilbert,RL,Normal
4,1959,1959,0,1588,2,1,680,134432,1.5Fin,Feedr,ClearCr,RL,Normal
6,1984,1984,744,752,1,0,264,125000,1Story,Norm,SawyerW,RL,Normal
5,1953,1953,608,1319,1,0,270,123000,1Story,Norm,NAmes,RL,Normal
7,2003,2004,847,1928,2,1,434,219500,2Story,Norm,CollgCr,RL,Normal
1,1922,1950,683,904,0,0,0,61000,1Story,Norm,Edwards,RL,Normal
5,1996,1996,870,914,1,0,576,148000,SFoyer,Norm,CollgCr,RL,Normal
8,2004,2005,1580,2466,3,1,610,340000,2Story,Norm,Somerst,FV,Normal
9,2010,2010,1856,1856,1,1,834,394432,1Story,Norm,StoneBr,RL,Partial
6,2000,2000,982,1800,2,1,463,179000,2Story,RRAn,Gilbert,RL,Normal
5,1924,1950,1026,1691,2,1,308,127000,1.5Fin,Norm,SWISU,RL,Normal
7,2006,2006,1293,1301,2,1,572,187750,1Story,Norm,Somerst,FV,Partial
7,2006,2006,939,1797,2,0,639,213500,2Story,Norm,CollgCr,RL,Normal
6,1928,1950,784,784,1,0,360,76000,1.5Unf,Norm,SawyerW,RH,Normal
6,1992,1992,1580,1953,2,2,501,240000,2Story,Feedr,ClearCr,RL,Normal
8,2004,2005,1256,1269,2,1,430,192000,1Story,Norm,Blmngtn,RL,Normal
5,1910,1996,658,1184,1,0,0,81000,1.5Fin,Feedr,Edwards,RL,AdjLand
6,1976,1976,1041,1125,1,1,352,125000,SLvl,Norm,Edwards,RL,Abnorml
7,1999,2000,1468,1479,2,0,577,191000,1Story,Norm,CollgCr,RL,Normal
10,2007,2008,1682,2332,2,1,846,426000,2Story,Norm,NridgHt,RL,Partial
5,1900,1950,861,1367,1,0,384,119000,1.5Fin,Norm,Edwards,RL,Normal
6,2001,2002,804,1961,2,1,560,215000,2Story,Norm,Mitchel,RL,Normal
5,1959,1959,0,882,1,0,294,106500,1Story,Norm,NAmes,RL,Normal
4,1941,1950,788,788,1,2,0,100000,1Story,Feedr,BrkSide,RL,Abnorml
5,1940,1950,735,1034,1,0,240,109000,1.5Fin,Norm,OldTown,RL,Normal
5,1956,1956,1144,1144,1,0,596,129000,1Story,Norm,Edwards,RL,Normal
5,1972,1972,894,894,1,0,600,123000,1Story,Norm,CollgCr,RL,Normal
5,1962,1962,864,1812,2,1,264,169500,2Story,PosN,NAmes,RL,Normal
5,1920,1950,961,1077,1,0,338,67000,1Story,Norm,IDOTRR,RM,Abnorml
7,2006,2007,1092,1550,2,0,438,241000,2Story,Norm,Somerst,FV,Normal
8,1996,1996,1260,1288,1,2,500,245500,1Story,Norm,Veenker,RL,Normal
7,2005,2005,1310,1310,2,1,400,164990,1Story,Norm,CollgCr,RL,Partial
5,1940,1997,672,672,1,0,240,108000,1Story,Norm,Sawyer,RL,Normal
8,1998,1998,1141,2263,2,1,420,258000,2Story,Norm,NoRidge,RL,Abnorml
6,1995,1996,806,1572,2,1,373,168000,2Story,Norm,Gilbert,RL,Normal
4,1976,1993,1281,1620,2,1,490,150000,1Story,Feedr,Sawyer,RL,Normal
6,1936,1950,1064,1639,1,0,240,115000,1.5Fin,Norm,SWISU,RL,Normal
6,1915,1976,840,1680,2,0,308,177000,2Story,Norm,Crawfor,RL,Normal
7,2006,2006,1063,2172,2,1,947,280000,2Story,Norm,NridgHt,RL,Partial
8,2007,2008,1034,2078,2,1,836,339750,2Story,Norm,Somerst,FV,Partial
5,1958,1958,1276,1276,1,0,350,60000,1Story,Norm,Edwards,RL,Abnorml
5,1955,1955,1056,1056,1,0,572,145000,1Story,Norm,Gilbert,RL,Normal
7,2009,2009,1470,1478,2,1,484,222000,1Story,Norm,Somerst,FV,Partial
5,1927,1950,1008,1028,1,1,360,115000,1Story,Artery,OldTown,RM,Normal
7,1993,1993,1080,2097,2,1,678,228000,2Story,Norm,SawyerW,RL,Normal
7,2007,2007,1340,1340,2,0,396,181134,1Story,Norm,Gilbert,RL,Partial
6,1978,1978,672,1400,1,1,440,149500,2Story,Norm,Sawyer,RL,Normal
6,1918,1950,1370,2624,2,1,864,239000,2Story,Feedr,Crawfor,RL,Normal
5,1940,1950,756,1134,1,0,240,126000,1.5Fin,Norm,Edwards,RL,AdjLand
5,1968,1968,1056,1056,1,1,304,142000,1Story,Norm,NAmes,RL,Normal
7,1997,1998,1344,1344,2,0,784,206300,SFoyer,Norm,Mitchel,RM,Alloca
6,1977,2000,1602,1602,2,1,529,215000,1Story,Norm,NWAmes,RL,Normal
5,1954,1954,988,988,1,0,520,113000,1Story,Artery,Mitchel,RL,Normal
8,1998,1998,1470,2630,2,1,696,315000,2Story,Norm,NoRidge,RL,Normal
6,1956,1956,1196,1196,1,1,297,139000,1Story,Norm,NAmes,RL,Normal
7,1946,1992,651,1389,1,2,240,135000,2Story,Norm,OldTown,RM,Normal
7,1989,1989,1518,1644,2,1,569,275000,SLvl,Norm,SawyerW,RL,Normal
4,1957,1957,907,907,1,0,352,109008,1Story,Norm,NAmes,RL,Normal
7,2007,2007,1208,1208,2,0,628,195400,1Story,Norm,CollgCr,RL,Partial
6,1988,1988,1392,1412,2,1,576,175000,1Story,Norm,Timber,RL,Normal
6,1971,1971,483,987,1,0,264,85400,2Story,Norm,BrDale,RM,Abnorml
6,1920,1998,901,1198,1,0,0,79900,1.5Fin,Feedr,OldTown,RM,Abnorml
5,1971,1971,765,1365,1,0,440,122500,2Story,Norm,BrDale,RM,Normal
6,1997,1998,926,1604,2,1,470,181000,2Story,Norm,Gilbert,RL,Normal
4,1972,1972,630,630,1,0,0,81000,SFoyer,Norm,MeadowV,RM,Normal
7,1996,1996,799,1661,2,1,550,212000,2Story,PosN,CollgCr,RL,Normal
6,1920,1950,648,1118,1,0,440,116000,1.5Fin,Norm,OldTown,RM,Normal
6,1926,2004,884,904,1,0,180,119000,1.5Unf,Norm,BrkSide,RM,Normal
5,1913,2002,440,694,1,1,352,90350,1Story,Norm,Crawfor,RL,Normal
6,1920,2000,684,1196,1,0,528,110000,1.5Fin,Norm,Edwards,RL,Normal
10,2008,2008,3094,2402,2,2,672,555000,1Story,Norm,NridgHt,RL,Normal
4,1955,1955,1440,1440,2,0,0,118000,1Story,Norm,Edwards,RL,Normal
5,1930,1992,1078,1573,2,1,360,162900,1.5Fin,Norm,BrkSide,RM,Normal
7,2006,2007,1258,1258,2,1,648,172500,1Story,Norm,Blmngtn,RL,Partial
7,1994,1995,915,1908,2,1,493,210000,2Story,Norm,CollgCr,RL,Normal
6,1956,1956,1436,1689,1,1,480,127500,1Story,Norm,Edwards,RL,Normal
6,1966,2002,1517,1888,2,1,578,190000,1Story,PosA,NAmes,RL,Normal
7,1998,1999,930,1886,2,1,431,199900,2Story,Norm,Gilbert,RL,Normal
6,1937,1950,780,1376,2,1,198,119500,1.5Fin,Norm,IDOTRR,RM,Normal
3,1948,2002,649,1183,1,0,308,120000,1.5Fin,Norm,OldTown,RM,Normal
6,1930,2005,813,813,1,0,270,110000,1Story,Norm,OldTown,RM,Normal
7,1975,1975,1533,1533,2,2,576,280000,1Story,Norm,ClearCr,RL,Normal
6,1996,1997,872,1756,2,0,422,204000,2Story,Norm,Timber,RL,Normal
8,2008,2008,768,1590,2,0,676,210000,2Story,Norm,Somerst,FV,Normal
5,1976,1976,1728,1728,2,0,560,188000,1Story,Norm,Mitchel,RL,Family
7,1973,1973,1242,1242,1,1,528,175500,1Story,Norm,NWAmes,RL,Normal
5,1916,1950,624,1344,1,0,513,98000,2Story,Norm,OldTown,RM,Abnorml
4,1954,1994,1364,1663,1,2,529,256000,1Story,Norm,ClearCr,RL,Normal
8,1925,1996,588,1666,1,1,228,161000,2Story,Norm,OldTown,RM,Normal
5,1950,1950,709,1203,1,1,352,110000,1.5Fin,Norm,BrkSide,RL,Normal
8,2009,2009,832,1935,2,0,552,263435,2Story,RRAn,Somerst,FV,Partial
7,1936,2007,560,1135,1,0,576,155000,2Story,Feedr,SWISU,RL,Normal
5,1965,1965,864,864,1,1,360,62383,1Story,Norm,Sawyer,RL,Normal
6,1934,1995,715,1660,1,1,240,188700,2Story,Norm,Crawfor,RL,Normal
5,1978,1978,1040,1040,2,0,0,124000,1Story,Norm,CollgCr,RL,Normal
7,2004,2004,1375,1414,2,1,398,178740,1Story,Norm,Blmngtn,RM,Normal
7,1970,1970,1277,1277,1,1,526,167000,1Story,Norm,NAmes,RL,Normal
5,1942,1995,728,1644,1,2,312,146500,2Story,Artery,NAmes,RL,Normal
8,2006,2006,1626,1634,2,1,866,250000,1Story,Norm,NridgHt,RL,Normal
6,1993,1993,832,1710,2,0,506,187000,2Story,RRNe,SawyerW,RL,Normal
8,1985,1985,1488,1502,1,0,528,212000,1Story,Norm,StoneBr,RL,Normal
7,1977,1977,808,1969,2,1,534,190000,2Story,PosA,NWAmes,RL,Normal
6,2005,2005,547,1072,1,0,525,148000,SLvl,Norm,Edwards,RM,Normal
8,2006,2007,1976,1976,2,1,908,440000,1Story,Norm,NridgHt,RL,Partial
8,2000,2000,1494,1652,2,0,499,251000,1Story,Norm,StoneBr,RL,Normal
5,1963,1963,970,970,1,0,624,132500,1Story,Norm,Sawyer,RL,Normal
6,1997,1998,1478,1493,2,1,508,208900,1Story,Norm,CollgCr,RL,Normal
9,2006,2006,2153,2643,2,1,694,380000,2Story,Norm,NridgHt,RL,Normal
8,2007,2008,1705,1718,2,1,826,297000,1Story,Norm,CollgCr,RL,Normal
4,1937,2000,907,1131,1,0,672,89471,1Story,Norm,OldTown,RM,Alloca
9,2004,2005,1833,1850,2,1,772,326000,1Story,Norm,NridgHt,RL,Normal
9,2003,2004,1792,1792,2,1,874,374000,1Story,Norm,NridgHt,RL,Normal
7,1915,2005,910,1826,1,1,164,155000,2Story,Norm,OldTown,RM,Normal
6,1998,1998,1216,1216,2,0,402,164000,1Story,Norm,Mitchel,RM,Normal
5,1962,2001,999,999,1,0,264,132500,1Story,Norm,Sawyer,RL,Normal
5,1950,2007,1113,1113,1,1,264,147000,1Story,Norm,NAmes,RL,Normal
5,1965,1965,1073,1073,1,0,515,156000,1Story,Norm,NAmes,RL,Normal
5,1971,1971,1484,1484,2,1,487,175000,1Story,Norm,NWAmes,RL,Normal
5,1900,1970,954,2414,2,1,520,160000,1.5Fin,Norm,OldTown,RL,Normal
4,1970,2002,630,630,1,0,286,86000,SFoyer,Norm,MeadowV,RM,Normal
5,1976,1976,264,1304,1,1,336,115000,2Story,Norm,MeadowV,RM,Normal
6,1941,1950,806,1578,1,2,240,133000,1.5Fin,Artery,NAmes,RL,Normal
6,2006,2006,728,1456,2,0,429,172785,2Story,Norm,Gilbert,RL,Partial
5,1960,1960,1269,1269,1,1,308,155000,1Story,Norm,NAmes,RL,Normal
5,1938,1996,190,886,1,0,273,91300,1Story,Artery,OldTown,RM,Normal
4,1920,1950,720,720,1,0,0,34900,1Story,Norm,IDOTRR,C (all),Abnorml
8,1992,1993,3200,3228,3,1,546,430000,1Story,Norm,NoRidge,RL,Normal
7,1925,1950,1026,1820,2,0,240,184000,1.5Fin,Norm,BrkSide,RL,Normal
5,1967,2004,864,899,1,0,288,130000,1Story,Norm,Sawyer,RL,Normal
5,1958,1985,912,912,1,0,297,120000,1Story,Norm,NAmes,RL,Normal
6,1973,1973,672,1218,1,0,264,113000,2Story,Norm,BrDale,RM,Normal
7,2005,2005,866,1768,2,0,603,226700,2Story,Norm,Somerst,FV,Normal
5,1965,1965,1214,1214,1,0,461,140000,1Story,Feedr,Edwards,RL,Normal
7,1959,1997,1501,1801,2,2,484,289000,1Story,Norm,Crawfor,RL,Normal
6,1974,1974,855,1322,2,1,440,147000,2Story,Norm,NPkVill,RL,Normal
5,1952,1952,960,1960,2,0,400,124500,2Story,Artery,OldTown,RM,Normal
8,1993,1994,777,1911,2,1,471,215000,2Story,Norm,SawyerW,RL,Normal
6,2009,2009,1218,1218,2,0,676,208300,1Story,Norm,Somerst,FV,Partial
7,1928,2005,689,1378,2,1,360,161000,2Story,Norm,OldTown,RM,Normal
5,1959,1959,1041,1041,1,0,270,124500,1Story,Norm,NAmes,RL,Normal
5,1951,2000,1008,1363,1,2,288,164900,1Story,Norm,NAmes,RL,Normal
7,2005,2006,1368,1368,2,1,474,202665,1Story,Norm,NridgHt,RL,Partial
5,1958,1958,864,864,1,0,624,129900,1Story,Feedr,NAmes,RL,Normal
6,1983,1983,1084,1080,1,0,484,134000,1Story,Norm,Mitchel,RL,Normal
5,1926,1950,768,789,1,0,200,96500,1.5Unf,Norm,Crawfor,RL,Normal
10,2009,2009,2006,2020,2,1,900,402861,1Story,Norm,NridgHt,RL,Partial
6,1972,1972,689,2119,2,1,583,158000,SLvl,Norm,NWAmes,RL,Abnorml
7,1996,1997,1264,2344,2,1,889,265000,2Story,Norm,NoRidge,RL,Normal
6,1998,1998,794,1796,2,0,546,211000,2Story,Norm,CollgCr,RL,Normal
7,1926,2004,1276,2080,1,2,282,234000,2Story,Norm,Crawfor,RL,Normal
4,1900,2000,0,1294,2,0,0,106250,2Story,Norm,OldTown,RL,Normal
6,1957,1957,1244,1244,1,2,336,150000,1Story,Feedr,NAmes,RL,Normal
6,1947,1950,1004,1664,2,2,420,159000,1.5Fin,Feedr,BrkSide,RM,Normal
10,2007,2008,3138,4676,3,1,884,184750,2Story,PosN,Edwards,RL,Partial
7,1996,1997,1379,2398,2,1,834,315750,2Story,Norm,NoRidge,RL,Normal
7,2005,2005,1257,1266,2,1,453,176000,1Story,Norm,Somerst,FV,Normal
5,1956,2000,928,928,1,0,252,132000,1Story,Norm,NAmes,RL,Normal
9,2008,2008,1452,2713,2,1,858,446261,2Story,Norm,NridgHt,RL,Partial
4,1920,2002,528,605,1,0,0,86000,1Story,Norm,Edwards,RL,Normal
6,1957,1975,2035,2515,3,2,484,200624,1Story,Norm,Crawfor,RL,Alloca
6,1988,1989,1461,1509,2,1,600,175000,SLvl,Norm,Timber,RL,Abnorml
6,1920,1999,611,1362,2,0,502,128000,2Story,RRNn,BrkSide,RM,Normal
5,1955,2007,0,827,1,1,392,107500,1Story,Norm,NAmes,RL,Normal
1,1946,1950,0,334,1,0,0,39300,1Story,Norm,BrkSide,RL,Normal
8,2004,2004,707,1414,2,1,403,178000,2Story,Norm,Gilbert,RL,Normal
5,1910,1991,1117,1347,1,0,0,107500,2Story,Norm,Edwards,RL,Normal
7,1998,1999,880,1724,2,0,527,188000,2Story,Norm,CollgCr,RL,Normal
4,1972,1972,864,864,1,0,576,111250,1Story,Norm,NAmes,RL,Normal
5,1968,1968,1051,1159,1,1,336,158000,1Story,Norm,Sawyer,RL,Normal
8,2001,2002,1581,1601,2,1,670,272000,1Story,Norm,CollgCr,RL,Normal
9,2006,2006,1838,1838,2,1,765,315000,1Story,Norm,Timber,RL,Normal
8,2000,2000,969,2285,2,1,648,248000,2Story,Norm,NoRidge,RL,Normal
7,1998,1999,1650,1680,2,1,583,213250,1Story,RRAn,NWAmes,RL,Normal
7,1998,1998,723,767,1,0,367,133000,SFoyer,Norm,NAmes,RH,Normal
7,2006,2006,654,1496,2,1,426,179665,2Story,Norm,Gilbert,RL,Partial
7,1988,1988,1204,2183,2,0,786,229000,1.5Fin,Norm,NWAmes,RL,Normal
6,1923,1950,1065,1635,1,1,440,210000,1.5Fin,Norm,BrkSide,RL,Normal
5,1970,1970,768,768,1,0,624,129500,SFoyer,Norm,Mitchel,RL,Normal
5,1955,1995,825,825,1,0,720,125000,1Story,Feedr,OldTown,RM,Normal
7,2003,2004,912,2094,2,1,615,263000,2Story,Norm,Somerst,FV,Normal
6,1977,1977,1069,1069,2,0,440,140000,1Story,Norm,NPkVill,RL,Abnorml
5,1957,1957,928,928,1,0,288,112500,1Story,Norm,OldTown,RM,Normal
8,2006,2006,1709,1717,2,1,908,255500,1Story,Norm,NridgHt,RL,Normal
4,1949,2003,0,1126,2,0,520,108000,1Story,Feedr,Edwards,RL,Normal
7,2003,2004,998,2046,2,1,871,284000,2Story,Norm,NridgHt,RL,Normal
5,1922,1950,993,1048,1,1,280,113000,1.5Unf,Norm,BrkSide,RM,Normal
5,1957,1957,1092,1092,1,1,299,141000,1Story,Norm,NAmes,RL,Normal
4,1920,1950,637,1336,1,0,570,108000,1.5Fin,Norm,IDOTRR,C (all),Normal
7,1996,1997,729,1446,2,1,406,175000,2Story,Norm,Gilbert,RL,Normal
7,2003,2004,1374,1557,2,1,420,234000,1Story,Norm,Blmngtn,RL,Normal
5,1957,1996,1392,1392,1,1,528,121500,1Story,Norm,Sawyer,RL,Normal
5,1974,1975,1389,1389,1,1,418,170000,1Story,Norm,Mitchel,RL,Normal
5,1940,1969,996,996,1,1,0,108000,1Story,Norm,Edwards,RL,Normal
6,1918,1950,1163,1674,2,1,396,185000,1.5Fin,Norm,Edwards,RL,Normal
7,1992,2000,1095,2295,2,1,590,268000,2Story,Norm,NoRidge,RL,Normal
6,1915,1950,806,1647,1,0,216,128000,2Story,Norm,SWISU,RL,Normal
9,2005,2007,1122,2504,2,1,656,325000,2Story,Norm,StoneBr,RL,Normal
7,2004,2004,1517,1535,2,0,532,214000,1Story,Norm,NridgHt,RL,Normal
8,1983,2009,1496,2132,1,1,612,316600,1.5Fin,Norm,SawyerW,RL,Normal
5,1979,1979,943,943,1,2,600,135960,SFoyer,Norm,NAmes,RL,Normal
5,1965,1965,1728,1728,2,0,576,142600,1Story,Norm,NAmes,RL,Normal
6,1959,1959,864,864,1,0,288,120000,1Story,Norm,NAmes,RL,Abnorml
7,2009,2009,846,1692,2,0,650,224500,2Story,Norm,Timber,RL,Partial
7,2000,2000,384,1430,2,1,400,170000,SLvl,Norm,Gilbert,RL,Normal
5,1971,2005,372,1109,1,0,288,139000,SLvl,Norm,NAmes,RL,Normal
5,1947,1950,832,1216,1,0,336,118500,1.5Fin,Norm,NAmes,RL,Abnorml
7,1928,1950,861,1477,2,1,216,145000,1.5Fin,Norm,SWISU,RL,Normal
5,1966,1966,1164,1320,1,2,564,164500,SLvl,Norm,Sawyer,RL,Abnorml
7,2007,2007,689,1392,2,0,540,146000,2Story,Norm,Somerst,FV,Abnorml
5,1954,1954,1050,1795,2,0,352,131500,1.5Fin,Norm,OldTown,RM,Normal
6,1960,1987,1144,1429,1,2,572,181900,1Story,Norm,NAmes,RL,Normal
8,2008,2009,2042,2042,2,1,1390,253293,1Story,Norm,NridgHt,RL,Partial
6,1990,1990,816,816,1,0,0,118500,SFoyer,Norm,Edwards,RL,Normal
10,1893,2000,1237,2775,3,1,880,325000,2.5Unf,Artery,OldTown,RM,Normal
4,1935,1995,884,1573,1,0,240,133000,1.5Fin,Norm,BrkSide,RM,Normal
8,2005,2006,1868,2028,2,2,880,369900,1Story,Norm,Timber,RL,Partial
6,1918,2000,816,838,1,0,275,130000,1Story,RRAn,BrkSide,RL,Normal
5,1982,1982,840,860,1,0,528,137000,SFoyer,Norm,Sawyer,RL,Normal
5,1968,2003,1437,1473,1,2,452,143000,1Story,Norm,ClearCr,RL,Partial
5,1930,1960,742,935,1,0,308,79500,1Story,RRAn,BrkSide,RM,Normal
7,2004,2004,770,1582,2,0,520,185900,2Story,Norm,CollgCr,RL,Normal
10,2008,2008,1722,2296,2,1,842,451950,2Story,Norm,NridgHt,RL,Normal
5,1982,2003,816,816,1,0,816,138000,1Story,Norm,Mitchel,RL,Normal
6,2003,2003,848,848,1,0,420,140000,1Story,Norm,CollgCr,RM,Normal
5,1975,1975,924,924,1,0,280,110000,1Story,Norm,CollgCr,RL,Normal
8,2005,2006,1814,1826,2,1,758,319000,1Story,Norm,StoneBr,RL,Partial
6,1910,1993,684,1368,1,0,216,114504,2Story,Norm,OldTown,RM,Normal
7,2006,2007,1258,1402,0,1,648,194201,1Story,Norm,Blmngtn,RL,Partial
5,1977,1977,1430,1647,2,1,621,217500,1Story,Norm,Crawfor,RL,Normal
6,1980,1980,716,1556,2,1,452,151000,2Story,Norm,Blueste,RM,Normal
8,2005,2005,1058,1904,2,1,736,275000,2Story,Norm,NridgHt,RL,Normal
6,1937,1950,780,1375,1,1,544,141000,1.5Fin,Norm,IDOTRR,RM,Normal
8,1992,1992,908,1915,2,1,506,220000,2Story,Norm,SawyerW,RL,Abnorml
7,2004,2005,600,1200,2,0,480,151000,2Story,Norm,Somerst,FV,Normal
7,2002,2002,1494,1494,2,1,530,221000,1Story,Norm,CollgCr,RL,Normal
7,1965,1990,768,1986,2,3,486,205000,2Story,Norm,NAmes,RL,Normal
5,1996,1996,1040,1040,1,0,576,152000,1Story,Norm,CollgCr,RL,Normal
5,1948,2002,896,2008,3,0,230,225000,2Story,Norm,Edwards,RL,Normal
8,1934,1998,965,3194,2,2,380,359100,2Story,Norm,Crawfor,RL,Alloca
4,1961,1961,1029,1029,1,0,261,118500,1Story,Feedr,Sawyer,RL,Normal
9,2000,2000,1440,2153,2,2,736,313000,2Story,PosN,CollgCr,RL,Normal
6,1978,1978,1032,1032,2,1,564,148000,SLvl,Norm,NWAmes,RL,Normal
8,2001,2001,1299,1872,2,1,531,261500,2Story,Norm,CollgCr,RL,Normal
5,2007,2007,1120,1120,1,0,0,147000,1Story,Feedr,Mitchel,RL,Partial
4,1972,1972,630,630,1,0,0,75500,SFoyer,Norm,MeadowV,RM,Normal
6,1963,1963,936,1054,1,0,480,137500,SFoyer,Feedr,NAmes,RL,Abnorml
6,2002,2003,783,1509,2,1,393,183200,2Story,Norm,Gilbert,RL,Normal
6,1954,1954,832,832,1,0,528,105500,1.5Unf,Artery,NAmes,RL,Normal
9,2007,2007,1822,1828,2,1,774,314813,1Story,Norm,NridgHt,RL,Partial
8,2003,2003,1482,2262,2,2,749,305000,2Story,Norm,Timber,RL,Normal
3,1914,1950,864,864,1,0,0,67000,1Story,Norm,Edwards,RL,Normal
6,1974,1997,1522,2614,2,1,624,240000,2Story,Norm,NWAmes,RL,Normal
5,1977,1977,980,980,1,0,484,135000,1Story,Norm,Sawyer,RL,Normal
6,2000,2000,756,1512,2,1,440,168500,2Story,Norm,Somerst,FV,Normal
6,1972,1972,732,1790,1,1,484,165150,2Story,Norm,NWAmes,RL,Normal
6,1962,1962,1116,1116,1,0,440,160000,1Story,Norm,NAmes,RL,Normal
5,1960,1978,978,1422,1,1,286,139900,1Story,Norm,NAmes,RL,Normal
6,1955,1972,1156,1520,1,2,364,153000,SLvl,Norm,NAmes,RL,Normal
5,1969,1969,1040,2080,1,2,504,135000,2Story,Norm,NAmes,RL,Family
6,1964,1964,1248,1350,1,0,520,168500,SLvl,Feedr,NAmes,RL,Normal
5,1880,1991,636,1750,1,0,240,124000,2Story,Artery,OldTown,RM,Abnorml
8,2006,2006,1554,1554,2,1,627,209500,1Story,Norm,NridgHt,RL,Normal
7,1977,1977,1386,1411,2,1,544,82500,1Story,Norm,NWAmes,RL,Family
5,1954,2005,1056,1056,1,0,260,139400,1Story,Norm,NAmes,RL,Normal
6,1980,1980,1056,1056,0,0,576,144000,SFoyer,Norm,OldTown,RL,Normal
6,1914,1995,1440,3395,2,0,0,200000,2.5Fin,Feedr,SWISU,RH,Abnorml
2,1936,1950,264,800,1,1,0,60000,1Story,Norm,BrkSide,RM,Normal
5,1954,1954,811,1387,2,0,256,93000,1.5Fin,Norm,OldTown,RM,Normal
5,1910,1950,796,796,1,0,0,85000,1Story,Feedr,Edwards,RL,Normal
8,2006,2006,1520,1567,2,1,648,264561,1Story,Norm,Blmngtn,RL,Partial
8,2003,2004,1518,1518,1,1,588,274000,1Story,Norm,NridgHt,RL,Normal
7,2001,2001,1057,1929,2,1,650,226000,2Story,Norm,Somerst,FV,Normal
8,1972,1995,1952,2704,2,3,538,345000,SLvl,Norm,NAmes,RL,Normal
5,1969,1969,780,1620,2,0,462,152000,2Story,RRAn,NWAmes,RL,Normal
9,2009,2009,1766,1766,2,1,478,370878,1Story,Norm,Somerst,FV,Partial
6,1971,1971,981,981,1,0,576,143250,1Story,Norm,NAmes,RL,Normal
5,1950,1950,0,1048,1,0,420,98300,1Story,Norm,NAmes,RL,Normal
6,1953,1953,1094,1094,1,2,495,155000,1Story,Norm,Edwards,RL,Normal
6,1966,1966,756,1839,1,1,442,155000,2Story,PosN,NAmes,RL,Normal
4,1970,1970,630,630,1,0,0,84500,SFoyer,Norm,MeadowV,RM,Normal
7,2007,2007,813,1665,2,0,562,205950,2Story,Norm,Somerst,FV,Normal
4,1940,1950,755,1510,1,1,296,108000,2Story,Artery,Edwards,RL,Normal
7,1996,1996,880,1716,2,1,512,191000,2Story,Norm,CollgCr,RL,Normal
6,1906,1995,756,1469,1,0,216,135000,1.5Fin,Norm,IDOTRR,RM,Normal
8,1995,1995,2109,2113,2,1,839,350000,1Story,Norm,NoRidge,RL,Normal
6,1971,1971,525,1092,1,0,264,88000,2Story,Norm,BrDale,RM,Family
5,1959,2006,1053,1053,1,0,312,145500,1Story,Norm,NAmes,RL,Normal
7,1931,2000,776,1502,1,1,270,149000,2Story,Norm,Crawfor,RL,Normal
6,1948,1950,912,1458,1,1,330,97500,1.5Fin,Artery,NAmes,RL,Abnorml
5,1964,1999,1486,1486,1,0,480,167000,1Story,Norm,Edwards,RL,Normal
7,1976,1976,793,1935,2,1,550,197900,2Story,Norm,NWAmes,RL,Normal
8,1994,2005,1629,2448,2,1,711,402000,2Story,Norm,NoRidge,RL,Normal
6,1968,1968,1392,1392,1,2,576,110000,1Story,Norm,NAmes,RL,Normal
4,1972,1972,1138,1181,2,0,588,137500,SFoyer,Norm,Edwards,RL,Normal
8,2005,2006,2077,2097,1,1,1134,423000,1Story,RRAn,Somerst,RL,Partial
8,2000,2000,1406,1936,2,1,504,230500,2Story,Norm,Gilbert,RL,Normal
6,1965,1979,1021,2380,2,1,596,129000,2Story,Norm,NAmes,RL,Abnorml
6,1994,1998,1408,1679,2,1,575,193500,1Story,Norm,SawyerW,RL,Normal
5,1956,1987,1188,1437,1,1,576,168000,1Story,Norm,Sawyer,RL,Normal
4,1922,1950,700,1180,1,1,252,137500,1Story,Norm,Crawfor,RL,Normal
6,2005,2005,738,1476,2,0,540,173500,2Story,Norm,CollgCr,RL,Normal
6,1925,1950,672,1369,2,0,300,103600,2Story,Artery,Edwards,RH,Normal
6,1977,1977,1208,1208,1,1,546,165000,1Story,Norm,Veenker,RL,Normal
6,1957,2004,1477,1839,2,2,416,257500,1Story,Norm,Crawfor,RL,Normal
6,1965,1965,1136,1136,1,1,384,140000,1Story,Norm,NAmes,RL,Normal
6,1978,1978,855,1441,2,1,440,148500,2Story,Norm,NPkVill,RL,Normal
4,1900,1950,1095,1774,2,0,779,87000,2Story,Norm,OldTown,RM,Normal
5,1924,2006,768,792,1,0,240,109500,1Story,Norm,OldTown,RL,Normal
8,2008,2008,2046,2046,2,1,834,372500,1Story,Norm,StoneBr,RL,Partial
5,1961,1961,988,988,1,0,572,128500,1Story,Norm,Sawyer,RL,Normal
6,1980,1980,923,923,2,1,264,143000,1Story,Norm,SawyerW,RL,Normal
5,1932,2000,793,1520,1,0,281,159434,1.5Fin,Norm,SWISU,RH,Abnorml
6,1996,1997,1291,1291,1,1,431,173000,1Story,Norm,ClearCr,RL,Normal
9,2002,2002,1626,1668,2,1,702,285000,1Story,Norm,CollgCr,RL,Normal
7,1998,1998,1195,1839,2,0,486,221000,2Story,Norm,NoRidge,RL,Normal
7,1984,1984,1190,2090,2,1,577,207500,2Story,Norm,StoneBr,RL,Normal
7,2007,2007,874,1761,3,0,578,227875,2Story,Norm,Somerst,FV,Partial
7,2004,2004,551,1102,2,0,480,148800,2Story,Norm,Somerst,FV,Normal
8,2007,2007,1419,1419,2,1,567,392000,1Story,Norm,StoneBr,RL,Partial
6,2005,2006,1362,1362,2,1,460,194700,1Story,Norm,NridgHt,RL,Normal
6,2004,2004,848,848,1,1,420,141000,1Story,Norm,CollgCr,RM,Normal
10,1994,1995,2444,4316,3,2,832,755000,2Story,Norm,NoRidge,RL,Normal
7,1989,1990,1210,2519,2,2,628,335000,2Story,Norm,Timber,RL,Normal
5,1921,1968,1073,1073,1,0,326,108480,1Story,Norm,OldTown,RL,Abnorml
5,1936,1950,927,1539,1,0,576,141500,1.5Fin,Norm,BrkSide,RM,Normal
6,1987,1987,1112,1137,2,1,551,176000,1Story,Norm,Timber,RL,Normal
5,1921,1950,616,616,1,0,205,89000,1Story,Norm,BrkSide,RM,Normal
5,1952,1952,980,1148,1,0,308,123500,1Story,Norm,Edwards,RL,Normal
5,1965,2009,894,894,1,1,336,138500,1Story,RRAe,Sawyer,RL,Normal
7,2004,2004,1391,1391,2,0,530,196000,1Story,Norm,Somerst,FV,Normal
8,2002,2002,1800,1800,2,1,765,312500,1Story,Norm,Timber,RL,Normal
7,1969,1969,1164,1164,1,0,528,140000,1Story,Norm,NWAmes,RL,Normal
8,2006,2006,1234,2576,2,1,666,361919,2Story,Norm,StoneBr,RL,Partial
5,1900,1996,360,1812,2,1,672,140000,2Story,Feedr,OldTown,RM,Normal
7,2004,2005,1473,1484,2,0,606,213000,1Story,Norm,CollgCr,RL,Normal
4,1930,1950,0,1092,2,0,0,55000,2Story,Norm,IDOTRR,RM,Normal
7,1971,2002,1643,1824,2,2,739,302000,1Story,Norm,ClearCr,RL,Normal
8,2006,2006,1324,1324,2,1,550,254000,1Story,Norm,NridgHt,RL,Normal
7,2007,2007,728,1456,2,1,400,179540,2Story,Norm,Gilbert,RL,Partial
5,1966,1966,876,904,1,0,408,109900,1Story,Norm,Sawyer,RL,Abnorml
3,1935,2003,270,729,1,0,0,52000,1Story,Norm,BrkSide,RL,Normal
4,1900,1950,859,1178,1,0,384,102776,1.5Fin,Norm,IDOTRR,C (all),Abnorml
8,1988,1989,1228,1228,2,1,472,189000,1Story,Norm,StoneBr,RL,Normal
4,1970,1970,960,960,1,0,576,129000,1Story,RRAn,BrkSide,RL,Normal
6,1976,2005,725,1479,2,0,475,130500,2Story,RRAe,Sawyer,RL,Normal
6,1974,1974,1064,1350,2,1,478,165000,1Story,Norm,NWAmes,RL,Normal
7,1890,1998,718,2554,1,0,704,159500,2Story,Norm,OldTown,RM,Normal
5,1973,2000,1176,1178,1,1,439,157000,1Story,Norm,NWAmes,RL,Normal
7,1993,1994,1311,2418,2,1,983,341000,2Story,Norm,NoRidge,RL,Normal
5,1969,1969,971,971,1,1,300,128500,1Story,Norm,CollgCr,RL,Normal
8,1985,1985,1742,1742,2,1,564,275000,1Story,Norm,StoneBr,RL,Normal
6,2004,2004,848,848,1,0,420,143000,1Story,Norm,CollgCr,RM,Normal
4,1970,1970,864,864,1,0,463,124500,1Story,Norm,NAmes,RL,Normal
4,1954,1972,941,1470,2,0,548,135000,1.5Fin,Norm,Edwards,RL,Normal
9,2007,2008,1698,1698,2,1,768,320000,1Story,Norm,Edwards,RL,Normal
4,1970,1970,864,864,1,0,660,120500,1Story,Norm,NAmes,RL,Normal
6,1988,2007,880,1680,2,1,540,222000,1Story,Norm,Crawfor,RL,Normal
7,2007,2007,1232,1232,2,0,632,194500,1Story,Norm,CollgCr,RL,Normal
5,1958,1958,1584,1776,2,0,888,110000,1Story,Norm,NAmes,RL,Abnorml
4,1925,1950,780,1208,1,0,539,103000,1.5Fin,Norm,IDOTRR,RM,Normal
8,1995,1996,1595,1616,2,1,608,236500,1Story,Norm,StoneBr,RL,Normal
7,2003,2003,868,1146,2,1,438,187500,SLvl,Norm,Timber,RL,Normal
7,1998,1999,1153,2031,2,1,541,222500,2Story,Norm,CollgCr,RL,Normal
5,1961,1983,864,1144,1,1,264,131400,1Story,Feedr,Sawyer,RL,Normal
5,1968,1968,948,948,1,0,300,108000,1Story,Norm,Sawyer,RL,Family
7,1914,1970,880,1768,1,2,320,163000,2.5Unf,Norm,OldTown,RM,Normal
3,1950,1950,0,1040,2,0,400,93500,1Story,Norm,NAmes,RL,Normal
8,2005,2005,893,1801,2,1,800,239900,2Story,Norm,Gilbert,RL,Normal
5,1987,1988,1200,1200,3,0,0,179000,1Story,Norm,Edwards,RL,Alloca
7,2004,2004,864,1728,2,0,572,190000,2Story,Norm,CollgCr,RL,Normal
5,1910,2002,264,1432,2,0,360,132000,2Story,Norm,OldTown,RM,Abnorml
6,1961,1996,912,912,1,0,288,142000,1Story,Feedr,Sawyer,RL,Normal
7,2000,2001,1349,1349,2,0,539,179000,1Story,Norm,SawyerW,RL,Normal
5,1963,1999,520,1464,2,1,480,175000,SLvl,Norm,Sawyer,RL,Normal
8,1993,1993,1337,1337,2,1,462,180000,1Story,Norm,StoneBr,RL,Normal
8,1976,1996,1142,2715,3,2,831,299800,2Story,Norm,NWAmes,RL,Normal
7,2000,2000,952,2256,2,1,554,236000,2Story,Norm,Gilbert,RL,Normal
7,1880,2003,1240,2640,1,1,864,265979,2Story,Norm,OldTown,RM,Normal
7,1996,1996,1720,1720,2,1,527,260400,1Story,Norm,NoRidge,RL,Normal
4,1945,1950,0,1529,2,0,240,98000,1.5Fin,Norm,Edwards,RL,Normal
4,1910,2004,576,1140,1,0,0,96500,1.5Fin,Norm,OldTown,RM,Normal
7,2003,2003,660,1320,2,0,400,162000,2Story,RRAn,Gilbert,RL,Normal
6,1997,1997,1479,1494,2,0,576,217000,1Story,Norm,CollgCr,RL,Normal
8,2005,2005,1030,2098,2,1,878,275500,2Story,Norm,NridgHt,RL,Normal
6,1969,2005,1026,1026,1,0,440,156000,1Story,Norm,NAmes,RL,Normal
6,1999,1999,729,1471,2,0,440,172500,2Story,Norm,Somerst,FV,Normal
8,2007,2007,866,1768,2,0,578,212000,2Story,Norm,CollgCr,RL,Normal
6,1978,1978,672,1386,2,1,440,158900,2Story,Norm,Sawyer,RL,Abnorml
7,1999,1999,744,1501,2,0,440,179400,2Story,Norm,Somerst,FV,Normal
8,1995,1995,1318,2531,2,1,752,290000,2Story,Norm,NoRidge,RL,Normal
6,1959,1959,864,864,1,0,300,127500,1Story,Norm,NAmes,RL,Normal
5,1924,1950,1145,1301,1,0,440,100000,1Story,Feedr,BrkSide,RM,Normal
7,2009,2009,756,1547,2,0,614,215200,2Story,Norm,Somerst,FV,Normal
8,1999,1999,1252,2365,2,1,856,337000,2Story,Norm,NoRidge,RL,Normal
8,1995,1996,1494,1494,1,1,481,270000,1Story,Norm,Veenker,RL,Normal
9,2008,2008,1498,1506,2,1,592,264132,1Story,Norm,Somerst,RL,Partial
7,1988,1988,980,1714,2,1,496,196500,2Story,Norm,NWAmes,RL,Normal
6,1940,1985,983,1750,2,0,423,160000,1.5Fin,Norm,Mitchel,RL,Normal
7,2004,2005,1860,1836,2,1,484,216837,1Story,Norm,CollgCr,RL,Normal
8,2003,2003,1650,3279,3,1,841,538000,2Story,Norm,StoneBr,RL,Normal
5,1982,1982,858,858,1,0,576,134900,SFoyer,Norm,Sawyer,RL,Normal
4,1951,1951,836,1220,1,0,396,102000,1Story,Norm,Edwards,RL,Normal
6,1976,1976,1029,1117,1,1,672,107000,SLvl,Norm,Edwards,RL,Abnorml
5,1958,1958,912,912,1,0,275,114500,1Story,Feedr,NAmes,RL,Normal
8,2006,2006,1935,1973,2,1,895,395000,1Story,Norm,NridgHt,RL,Partial
6,1998,1998,1204,1204,2,0,412,162000,1Story,Norm,Mitchel,RM,Normal
7,2005,2006,1614,1614,2,0,865,221500,1Story,Norm,CollgCr,RL,Partial
5,1974,1974,864,894,1,1,440,142500,1Story,Norm,Sawyer,RL,Normal
5,1977,1977,0,2020,2,2,630,144000,1Story,Feedr,SawyerW,RH,Normal
6,1977,1977,975,1004,1,0,504,135000,SFoyer,Norm,Mitchel,RL,Normal
7,1995,1996,1237,1253,2,1,402,176000,1Story,Norm,Gilbert,RL,Normal
6,1992,1992,761,1603,2,0,484,175900,2Story,Norm,SawyerW,RL,Normal
7,2001,2002,1413,1430,2,0,605,187100,1Story,Norm,CollgCr,RL,Normal
5,1978,1978,1097,1110,1,1,602,165500,SFoyer,Norm,Mitchel,RL,Normal
6,1914,2001,742,1484,2,1,0,128000,2.5Unf,Norm,OldTown,RM,Normal
6,1967,1967,1372,1342,2,1,457,161500,1Story,Feedr,NWAmes,RL,Normal
5,1915,1950,686,1652,2,0,416,139000,1.5Fin,Artery,OldTown,RM,Normal
7,2004,2004,956,2084,2,0,618,233000,2Story,Norm,SawyerW,RL,Normal
4,1954,2000,901,901,1,0,281,107900,1Story,Norm,OldTown,RM,Normal
6,1966,2007,832,2087,2,0,444,187500,2Story,Norm,ClearCr,RL,Normal
7,2005,2006,1145,1145,2,1,397,160200,1Story,Norm,Blmngtn,RL,Normal
6,1976,1976,1029,1062,1,2,539,146800,SLvl,Norm,Mitchel,RL,Normal
7,1996,1997,1117,2013,2,1,455,269790,2Story,Norm,NoRidge,RL,Normal
8,2007,2007,1496,1496,2,0,474,225000,1Story,Norm,Somerst,RL,Partial
7,1994,1996,712,1895,2,1,409,194500,2Story,Norm,Gilbert,RL,Normal
6,1980,1981,650,1564,2,1,476,171000,2Story,Norm,SawyerW,RL,Normal
6,1977,1977,660,1285,1,1,528,143500,1Story,Norm,Sawyer,RL,Normal
5,1953,1953,773,773,1,0,240,110000,1Story,Norm,NAmes,RL,Abnorml
9,2008,2009,1926,3140,3,2,820,485000,2Story,Norm,NridgHt,RL,Partial
5,1937,1950,731,1768,1,2,240,175000,1.5Fin,Feedr,SWISU,RL,Normal
6,1997,1997,616,1688,2,0,603,200000,2Story,Feedr,ClearCr,RL,Normal
4,1916,1990,1196,1196,1,0,440,109900,1Story,Norm,IDOTRR,RM,Normal
7,2005,2005,728,1456,2,1,410,189000,2Story,Norm,CollgCr,RL,Normal
9,2008,2009,1734,2822,3,1,1020,582933,2Story,Norm,NridgHt,RL,Partial
5,1954,1954,936,1128,1,0,286,118000,1Story,Norm,NAmes,RL,Family
7,2008,2008,1417,1428,2,0,554,227680,1Story,Norm,Somerst,RL,Partial
5,1967,1967,980,980,2,0,384,135500,SLvl,Norm,NAmes,RL,Normal
5,1923,2004,1324,1576,1,1,528,223500,2Story,Norm,BrkSide,RL,Normal
5,1966,1966,1024,1086,1,1,484,159950,SLvl,Norm,NAmes,RL,Normal
5,1898,1965,849,2138,2,0,360,106000,2.5Unf,Norm,OldTown,RM,Normal
6,1974,1999,1040,1309,1,1,484,181000,1Story,Norm,NWAmes,RL,Normal
6,2004,2004,848,848,1,1,420,144500,1Story,Norm,CollgCr,RM,Normal
5,1952,1952,540,1044,1,0,504,55993,1Story,Norm,IDOTRR,C (all),Alloca
6,1958,1958,1442,1442,1,0,301,157900,1Story,Norm,NAmes,RL,Normal
5,1918,1950,686,1250,1,0,280,116000,1.5Fin,Norm,Edwards,RL,Normal
7,1998,1998,1649,1661,2,0,598,224900,1Story,Norm,CollgCr,RL,Normal
5,1954,1954,1008,1008,1,1,275,137000,1Story,Norm,NAmes,RL,Normal
8,2002,2002,1568,1689,2,2,857,271000,1Story,Norm,Mitchel,RL,Normal
6,1971,1971,1010,1052,1,0,440,155000,SLvl,Norm,ClearCr,RL,Normal
7,2009,2010,1358,1358,2,1,484,224000,1Story,Norm,NridgHt,RL,Partial
7,2003,2003,798,1640,2,0,595,183000,2Story,Norm,CollgCr,RL,Normal
4,1953,1953,936,936,1,0,576,93000,1Story,Norm,OldTown,RM,Normal
7,2003,2003,847,1733,2,1,433,225000,2Story,Norm,Gilbert,RL,Family
6,1940,1950,778,1489,2,1,240,139500,1.5Fin,Norm,SWISU,RL,Normal
8,2006,2006,1489,1489,2,1,776,232600,1Story,Norm,Somerst,FV,Partial
10,2007,2008,2078,2084,2,1,1220,385000,1Story,PosN,NridgHt,RL,Partial
5,1924,1950,784,784,1,0,0,109500,1.5Unf,Norm,BrkSide,RM,Normal
7,2001,2001,1454,1434,2,1,527,189000,1Story,Norm,SawyerW,RL,Normal
5,1967,1967,1013,2126,2,0,538,185000,2Story,Norm,ClearCr,RL,Abnorml
7,2005,2005,600,1223,2,0,480,147400,2Story,Norm,Somerst,FV,Normal
6,1957,1957,1392,1392,1,2,458,166000,1Story,Norm,NAmes,RL,Normal
7,2005,2005,600,1200,2,0,480,151000,2Story,Norm,Somerst,FV,Normal
7,2003,2003,941,1829,2,1,613,237000,2Story,Norm,CollgCr,RL,Normal
6,1964,1964,1516,1516,1,0,472,167000,1Story,Norm,NAmes,RL,Normal
5,1961,1961,1144,1144,1,0,456,139950,1Story,Norm,NAmes,RL,Normal
4,1950,1995,1067,1067,2,0,436,128000,1Story,Norm,Sawyer,RL,Normal
5,1948,1973,1559,1559,1,0,812,153500,1Story,Norm,OldTown,RM,Normal
6,1973,1973,483,987,1,0,264,100000,2Story,Norm,BrDale,RM,Normal
5,1995,2006,1099,1099,1,0,352,144000,1Story,Norm,CollgCr,RL,Normal
5,1946,1995,768,1200,1,0,240,130500,1.5Fin,Norm,Edwards,RL,Normal
6,1925,1950,672,1482,2,0,400,140000,2Story,Norm,SWISU,RH,Normal
5,1904,2002,650,1539,2,1,686,157500,2Story,Norm,OldTown,RM,Normal
6,1966,1966,1127,1165,1,0,490,174900,SLvl,Norm,NAmes,RL,Normal
5,1961,1961,1800,1800,2,0,0,141000,1Story,Artery,NAmes,RL,Normal
5,1915,1950,876,1416,1,1,720,153900,1.5Fin,Artery,OldTown,RM,Normal
5,1975,1981,1390,1701,2,2,611,171000,SFoyer,RRAe,Sawyer,RL,Normal
7,1993,1993,740,1775,2,1,425,213000,2Story,Norm,SawyerW,RL,Normal
5,1972,1972,864,864,1,1,338,133500,1Story,Norm,CollgCr,RL,Normal
6,1908,1997,907,2358,3,1,360,240000,1.5Fin,Norm,ClearCr,RL,Normal
6,1976,1994,528,1855,2,1,512,187000,SLvl,Feedr,Veenker,RL,Normal
6,2003,2003,848,848,1,0,420,131500,1Story,Norm,CollgCr,RM,Normal
8,2003,2003,1273,1456,2,1,400,215000,1Story,Norm,Blmngtn,RL,Normal
7,1941,1950,918,1646,2,2,240,164000,2.5Unf,Norm,Crawfor,RL,Normal
6,1964,1964,1127,1445,1,1,645,158000,SLvl,Norm,NAmes,RL,Normal
5,1955,1974,1763,1779,1,1,454,170000,1Story,Norm,Sawyer,RL,Abnorml
5,1962,2010,1040,1040,1,0,260,127000,1Story,Norm,Sawyer,RL,Normal
6,1978,1978,940,1026,1,0,576,147000,SLvl,Norm,CollgCr,RL,Normal
6,1994,1995,702,1481,2,1,343,174000,2Story,Norm,Gilbert,RL,Normal
7,1976,1976,1090,1370,2,1,479,152000,1Story,Norm,NWAmes,RL,Family
6,1968,1984,1054,2654,2,1,619,250000,2Story,PosA,NWAmes,RL,Normal
7,1918,1998,912,1426,1,1,216,189950,1.5Fin,Norm,Crawfor,RL,Normal
5,1965,1965,1039,1039,1,0,504,131500,1Story,Norm,Sawyer,RL,Normal
6,1984,1985,1040,1097,2,0,480,152000,1Story,Norm,SawyerW,RL,Normal
5,1959,1959,1148,1148,1,0,672,132500,1Story,Norm,NAmes,RL,Normal
7,2007,2008,1372,1372,2,0,529,250580,1Story,Norm,Somerst,FV,Partial
5,1970,1970,1002,1002,1,0,902,148500,1Story,Norm,NAmes,RL,Normal
8,2006,2007,1638,1646,2,1,870,248900,1Story,Norm,Timber,RL,Partial
4,1961,1961,1040,1120,1,0,544,129000,1Story,Feedr,Sawyer,RL,Normal
5,1948,1950,0,2320,2,1,672,169000,2Story,Feedr,Gilbert,RL,Normal
7,1993,1994,1050,1949,2,1,574,236000,2Story,Norm,SawyerW,RL,Normal
5,1962,1962,894,894,1,0,308,109500,1Story,PosN,NAmes,RL,Normal
6,1998,1998,804,1682,2,0,523,200500,2Story,Norm,CollgCr,RL,Normal
5,1953,1996,105,910,1,0,414,116000,1Story,Norm,NAmes,RL,Normal
5,1949,1950,832,1268,1,1,288,133000,1Story,Norm,NAmes,RL,Normal
5,1941,1950,676,1131,1,0,200,66500,1.5Fin,Artery,OldTown,RM,Abnorml
8,2007,2007,1184,2610,2,1,550,303477,2Story,Norm,Somerst,FV,Partial
4,1963,1963,1064,1040,1,0,648,132250,1Story,Norm,Mitchel,RL,Normal
9,2004,2005,1462,2224,2,1,738,350000,2Story,Norm,NridgHt,RL,Normal
5,1961,1995,1109,1155,1,0,576,148000,SFoyer,Norm,Sawyer,RL,Normal
5,1978,2005,864,864,1,0,336,136500,1Story,Norm,CollgCr,RL,Normal
5,2005,2006,1090,1090,1,0,450,157000,1Story,Norm,Edwards,RL,Normal
7,1990,1991,1156,1717,2,1,400,187500,1.5Fin,Norm,Timber,RL,Normal
6,1992,1993,808,1593,2,1,389,178000,2Story,Norm,Gilbert,RL,Normal
4,1912,1950,795,2230,1,0,440,118500,2.5Fin,Norm,SWISU,RL,Normal
5,1967,1967,892,892,1,0,288,100000,1Story,Norm,NAmes,RL,Normal
9,1999,2000,1698,1709,2,1,506,328900,1Story,Norm,Somerst,FV,Abnorml
5,1959,2005,1626,1712,2,0,588,145000,1Story,Norm,NAmes,RL,Family
5,1955,1955,816,1393,1,0,300,135500,1.5Fin,Norm,Edwards,RL,Normal
8,1970,1970,2217,2217,2,1,621,268000,1Story,Norm,NAmes,RL,Normal
6,1953,1953,1505,1505,1,1,505,149500,1Story,Feedr,NAmes,RL,Normal
5,1949,2006,672,924,1,1,576,122900,1.5Fin,Artery,NAmes,RL,Normal
6,1978,1978,918,1683,2,1,440,172500,2Story,Norm,Sawyer,RL,Normal
6,1963,2003,1059,1068,1,0,264,154500,1Story,Norm,Sawyer,RL,Normal
5,1954,1954,1383,1383,1,1,354,165000,1Story,PosN,Sawyer,RL,Normal
5,1979,1979,0,1535,2,0,400,118858,1Story,Norm,SawyerW,RL,Alloca
6,1963,1963,780,1796,1,1,483,140000,2Story,Norm,NAmes,RL,Normal
4,1936,1950,951,951,1,0,327,106500,1Story,Norm,IDOTRR,RM,Abnorml
5,1979,1979,0,2240,2,0,528,142953,2Story,Feedr,SawyerW,RL,Alloca
9,2009,2010,2330,2364,2,2,820,611657,1Story,Norm,NridgHt,RL,Partial
5,1961,1994,912,1236,1,1,288,135000,1Story,Feedr,Sawyer,RL,Normal
4,1971,1971,858,858,1,0,684,110000,1Story,Norm,NAmes,RL,Normal
5,1957,2000,992,1306,1,0,756,153000,1Story,Norm,NAmes,RL,Normal
7,2003,2003,783,1509,2,1,393,180000,2Story,Norm,Gilbert,RL,Normal
7,2006,2006,1670,1670,2,1,690,240000,1Story,Norm,Gilbert,RL,Partial
5,1967,1967,876,902,1,0,288,125500,1Story,Norm,Sawyer,RL,Normal
5,1954,1954,1056,1063,1,0,280,128000,1Story,Norm,NAmes,RL,Normal
8,2006,2006,1623,1636,2,1,865,255000,1Story,Norm,Somerst,RL,Normal
7,1936,1987,1017,2057,1,1,180,250000,1.5Fin,Norm,Crawfor,RL,Normal
5,1983,1983,864,902,1,0,484,131000,1Story,Norm,Mitchel,RL,Normal
6,2005,2005,742,1484,2,1,390,174000,2Story,Norm,Gilbert,RL,Normal
5,1960,1960,1105,2274,2,0,480,154300,2Story,Feedr,NAmes,RL,Normal
5,1977,1989,1268,1268,1,0,252,143500,1Story,Norm,CollgCr,RL,Normal
5,1925,1950,768,1015,1,0,450,88000,1Story,Norm,BrkSide,RM,Abnorml
5,1949,1950,1001,2002,2,0,871,145000,2Story,Norm,Crawfor,RH,Normal
6,2009,2009,612,1224,2,0,528,173733,2Story,Norm,Somerst,FV,Partial
4,1970,1970,546,1092,1,0,286,75000,2Story,Norm,MeadowV,RM,Normal
2,1949,1950,480,480,0,0,308,35311,1Story,Norm,IDOTRR,C (all),Abnorml
4,1956,1956,1134,1229,1,0,284,135000,1Story,Norm,Edwards,RL,Normal
7,1991,1991,1104,2127,2,1,833,238000,2Story,Norm,SawyerW,RL,Normal
6,1958,2002,1184,1414,1,1,601,176500,1Story,Norm,NAmes,RL,Normal
6,1994,1994,928,1721,2,0,471,201000,2Story,Norm,SawyerW,RL,Normal
5,1900,2003,1272,2200,2,0,0,145900,1.5Fin,Feedr,Edwards,RL,Normal
6,2005,2006,1316,1316,2,1,397,169990,1Story,RRAn,Gilbert,RL,Partial
6,1993,1994,1604,1617,2,1,533,193000,1Story,Norm,SawyerW,RL,Normal
6,1980,1980,1686,1686,2,1,612,207500,1Story,Norm,NWAmes,RL,Normal
5,1977,1977,1126,1126,2,0,540,175000,1Story,Norm,NWAmes,RL,Abnorml
8,2003,2004,1181,2374,2,1,656,285000,2Story,Norm,NridgHt,RL,Normal
7,1968,1968,832,1978,2,1,486,176000,2Story,Feedr,NWAmes,RL,Normal
8,2001,2001,1753,1788,2,1,522,236500,1Story,Norm,CollgCr,RL,Normal
7,1997,1997,964,2236,2,1,642,222000,2Story,Norm,Gilbert,RL,Normal
8,2007,2007,1466,1466,2,0,610,201000,1Story,Norm,Timber,RL,Normal
5,1965,1965,925,925,1,0,429,117500,1Story,Norm,NAmes,RL,Normal
9,2006,2006,1905,1905,2,1,788,320000,1Story,RRNn,Somerst,RL,Normal
7,2004,2004,1500,1500,2,0,570,190000,1Story,Norm,CollgCr,RL,Normal
7,1960,2007,585,2069,2,1,505,242000,1Story,PosA,NAmes,RL,Normal
4,1926,1953,600,747,1,0,528,79900,1Story,Norm,BrkSide,RL,Normal
7,2003,2003,1176,1200,2,0,555,184900,1Story,Norm,SawyerW,RL,Normal
7,2005,2005,1113,1971,2,1,689,253000,2Story,Norm,Somerst,RL,Normal
7,2006,2006,1391,1962,2,0,868,239799,2Story,Norm,CollgCr,RL,Partial
7,1940,1950,1032,2403,2,2,349,244400,2Story,Norm,ClearCr,RL,Normal
6,1976,1976,1728,1728,2,0,574,150900,1Story,Norm,Mitchel,RL,Normal
7,1999,1999,992,2060,2,1,390,214000,2Story,RRNn,Gilbert,RL,Normal
4,1977,1977,1440,1440,2,0,0,150000,1Story,Norm,Edwards,RL,Abnorml
5,1967,1967,1632,1632,2,0,576,143000,1Story,Norm,Mitchel,RL,Normal
6,1958,1958,819,1344,1,1,525,137500,SLvl,Norm,Timber,RL,Abnorml
5,1890,1996,1088,1869,1,0,456,124900,1.5Fin,Norm,OldTown,RM,Normal
5,1959,1959,1144,1144,1,1,796,143000,SLvl,Norm,NAmes,RL,Normal
8,2002,2003,1616,1629,2,1,808,270000,1Story,Norm,Timber,RL,Normal
7,2002,2002,936,1776,2,1,474,192500,2Story,Norm,CollgCr,RL,Normal
6,1972,2006,1161,1381,1,1,676,197500,1Story,Norm,NWAmes,RL,Normal
5,1950,2002,864,864,1,0,720,129000,1Story,Norm,NAmes,RL,Normal
5,1965,1965,828,965,1,0,300,119900,1Story,Norm,SawyerW,RH,Abnorml
5,1972,2003,768,768,1,0,396,133900,SFoyer,Norm,CollgCr,RL,Normal
5,1969,1969,784,1968,2,1,530,172000,2Story,Norm,Mitchel,RL,Normal
6,1975,1975,945,980,2,0,0,127500,SFoyer,Norm,Edwards,RL,AdjLand
6,1946,1950,979,1958,2,0,492,145000,2Story,Norm,Crawfor,RH,Normal
6,1980,1980,561,1229,1,1,462,124000,2Story,Norm,Blueste,RM,Normal
5,1962,1962,1057,1057,1,0,576,132000,1Story,Norm,Sawyer,RL,Normal
7,2003,2003,1337,1337,2,0,531,185000,1Story,Norm,CollgCr,RL,Normal
7,1999,1999,696,1416,2,0,484,155000,2Story,Norm,Somerst,FV,Normal
5,1958,2008,858,858,1,0,0,116500,1Story,Norm,BrkSide,RL,Normal
6,1977,1995,1330,2872,2,1,619,272000,2Story,PosN,NWAmes,RL,Normal
6,1976,1976,804,1548,2,1,440,155000,2Story,Norm,NPkVill,RL,Normal
9,2007,2007,1800,1800,2,0,702,239000,1Story,Norm,CollgCr,RL,Normal
7,2002,2003,817,1894,2,1,510,214900,2Story,Norm,Timber,RL,Normal
6,2005,2007,783,1484,2,1,393,178900,2Story,RRAn,Gilbert,RL,Partial
5,1940,1950,728,1308,1,2,256,160000,1.5Fin,Norm,Crawfor,RL,Normal
5,1955,1955,1098,1098,1,0,260,135000,1Story,Norm,NAmes,RL,Normal
3,1910,1950,600,968,1,0,0,37900,1.5Fin,Norm,OldTown,RM,Abnorml
6,1958,1958,588,1095,1,0,264,140000,SLvl,Norm,NAmes,RL,Normal
4,1949,1950,720,1192,1,0,0,135000,1.5Fin,Norm,NAmes,RL,Abnorml
7,2003,2004,764,1626,2,0,474,173000,2Story,Norm,NridgHt,RL,Normal
6,1979,1979,918,918,2,1,264,99500,1Story,Norm,SawyerW,RL,Normal
7,2007,2008,1428,1428,2,0,480,182000,1Story,Norm,Somerst,FV,Partial
7,1910,1993,728,2019,1,0,532,167500,2Story,RRAn,BrkSide,RL,Normal
7,2000,2000,673,1382,2,0,490,165000,2Story,Norm,Somerst,FV,Normal
4,1923,1958,440,869,1,0,0,85500,1Story,Norm,BrkSide,RL,Normal
7,2006,2007,1241,1241,1,0,569,199900,1Story,Norm,Somerst,FV,Partial
4,1954,1954,894,894,1,0,400,110000,1Story,Norm,Edwards,RL,Abnorml
5,1963,1963,1121,1121,1,0,480,139000,1Story,Feedr,Sawyer,RL,Normal
7,1961,2007,944,999,1,0,588,178400,SFoyer,Norm,NAmes,RL,Normal
8,1998,1999,1225,2612,2,1,676,336000,2Story,Norm,NoRidge,RL,Normal
7,2007,2007,1266,1266,2,1,388,159895,1Story,Norm,Blmngtn,RL,Normal
8,2002,2002,1128,2290,2,1,779,255900,2Story,Norm,CollgCr,RL,Normal
5,1977,1977,0,1734,2,0,539,126000,1.5Fin,Norm,Mitchel,RL,Normal
5,1950,1950,1164,1164,1,0,240,125000,1Story,Norm,Edwards,RL,Normal
6,1910,2003,485,1635,1,0,255,117000,1.5Fin,Feedr,OldTown,RM,Normal
9,2009,2010,1930,1940,2,1,606,395192,1Story,Norm,NridgHt,RL,Partial
6,1976,1976,848,2030,2,1,551,195000,2Story,Norm,NWAmes,RL,Normal
7,2006,2006,770,1576,2,0,614,197000,2Story,Norm,Somerst,FV,Partial
8,1997,1998,1396,2392,2,1,870,348000,2Story,Norm,NoRidge,RL,Normal
8,1882,1986,916,1742,1,1,424,168000,2Story,Artery,OldTown,RM,Normal
6,1964,1993,822,1851,2,1,440,187000,2Story,Norm,NAmes,RL,Normal
6,2005,2006,750,1500,2,0,564,173900,2Story,Norm,CollgCr,RL,Partial
10,2006,2007,1700,1718,2,1,786,337500,1Story,Norm,NridgHt,RL,Normal
4,1946,1950,747,1230,1,0,305,121600,1.5Fin,Feedr,BrkSide,RL,Abnorml
5,1961,1961,1050,1050,1,0,368,136500,1Story,Norm,NAmes,RL,Normal
6,1970,1970,1442,1442,2,1,615,185000,1Story,PosA,NWAmes,RL,Normal
3,1922,1950,1007,1077,1,1,210,91000,1Story,Norm,IDOTRR,RM,Normal
7,2006,2006,1187,1208,2,0,632,206000,1Story,Norm,CollgCr,RL,Normal
3,1952,1952,0,944,1,0,528,82000,1Story,Norm,Edwards,RL,Normal
5,1920,1950,691,691,1,0,216,86000,1Story,Norm,OldTown,RL,Abnorml
8,2006,2006,1574,1574,2,1,824,232000,1Story,RRAn,Somerst,RL,Normal
5,1976,1976,1680,1680,2,0,528,136905,1Story,Feedr,NWAmes,RL,Normal
7,2005,2006,1346,1504,2,1,457,181000,1Story,Norm,Blmngtn,RL,Normal
5,1977,1977,985,985,2,0,328,149900,SLvl,Norm,CollgCr,RL,Normal
6,1970,1970,1657,1657,2,1,484,163500,1Story,PosN,NAmes,RL,Normal
4,1970,1970,546,1092,1,0,286,88000,2Story,Norm,MeadowV,RM,Normal
7,2004,2005,1710,1710,2,1,550,240000,1Story,Norm,Mitchel,RL,Normal
5,1926,1950,1008,1522,2,0,0,102000,1.5Fin,Norm,SWISU,RL,Normal
5,1948,1950,720,1271,2,1,312,135000,1.5Fin,Norm,Sawyer,RL,Normal
5,1965,1965,0,1664,2,0,0,100000,1Story,Norm,Edwards,RL,Normal
6,1923,1996,602,1502,1,2,180,165000,2Story,Norm,Crawfor,RL,Normal
5,1910,2006,1022,1022,1,0,280,85000,1Story,Norm,OldTown,RM,Normal
6,1948,1950,1082,1082,1,1,240,119200,1Story,Artery,NAmes,RL,Normal
8,2001,2001,810,1665,2,0,528,227000,2Story,Norm,NWAmes,RL,Normal
7,1996,1996,1504,1504,2,1,478,203000,1Story,Norm,CollgCr,RL,Normal
8,1984,1984,1220,1360,1,1,565,187500,1Story,Norm,StoneBr,RL,Abnorml
7,1991,1992,384,1472,2,1,402,160000,SLvl,Norm,Gilbert,RL,Normal
7,2005,2005,1362,1506,2,1,440,213490,1Story,Norm,Blmngtn,RL,Normal
4,2005,2005,1132,1132,1,0,451,176000,1Story,Norm,Edwards,RL,Normal
7,2006,2006,1199,1220,2,0,632,194000,1Story,Norm,CollgCr,RL,Partial
5,1930,1950,912,1248,1,0,160,87000,1.5Fin,Norm,OldTown,RM,Normal
7,2005,2006,1346,1504,2,1,437,191000,1Story,Norm,Blmngtn,RL,Normal
8,1976,1976,1565,2898,2,1,665,287000,1Story,Norm,Timber,RL,Abnorml
5,1972,1972,882,882,1,0,461,112500,1Story,Norm,CollgCr,RL,Normal
5,1960,1960,1268,1264,1,2,461,167500,1Story,Feedr,NAmes,RL,Normal
8,2007,2008,1638,1646,2,1,800,293077,1Story,Norm,Timber,RL,Partial
5,1941,1950,768,1376,1,1,240,105000,1.5Fin,Artery,NAmes,RL,Normal
6,1972,1972,672,1218,1,0,264,118000,2Story,Norm,BrDale,RM,Normal
5,1916,1995,686,1928,2,0,0,160000,2Story,Norm,SWISU,RH,Normal
7,1920,1970,824,3082,2,2,672,197000,2.5Fin,Norm,SWISU,RL,Normal
8,1993,1993,1338,2520,2,1,796,310000,2Story,Norm,NoRidge,RL,Abnorml
7,2002,2002,1654,1654,2,0,900,230000,1Story,Norm,CollgCr,RL,Normal
5,1938,1950,920,954,1,1,240,119750,1Story,Norm,Crawfor,RL,Normal
4,1957,1957,0,845,1,0,290,84000,1Story,Norm,Edwards,RL,Normal
9,2007,2008,1620,1620,2,1,912,315500,1Story,Norm,Timber,RL,Normal
8,2001,2002,1055,2263,2,1,905,287000,2Story,Norm,CollgCr,RL,Normal
4,1970,2008,546,1344,1,1,0,97000,2Story,Norm,MeadowV,RM,Normal
4,1970,1970,630,630,1,0,286,80000,SFoyer,Norm,MeadowV,RM,Normal
5,1957,2000,1134,1803,2,1,484,155000,1Story,Norm,Sawyer,RL,Normal
6,1966,2000,800,1632,1,0,484,173000,2Story,Feedr,NWAmes,RL,Normal
6,2005,2005,1306,1306,2,1,624,196000,1Story,Norm,NridgHt,RL,Normal
7,1990,1990,1475,2329,2,1,514,262280,2Story,Norm,SawyerW,RL,Normal
8,1981,1981,2524,2524,2,1,542,278000,1Story,PosN,NWAmes,RL,Normal
3,1955,1955,0,1733,2,1,452,139600,1Story,Norm,Edwards,RL,Normal
9,2005,2006,1992,2868,3,1,716,556581,2Story,Norm,StoneBr,RL,Partial
5,1994,1995,990,990,1,0,672,145000,1Story,Norm,CollgCr,RL,Normal
5,1960,2006,0,1771,1,1,336,115000,1Story,Norm,Mitchel,RL,Normal
4,1946,2006,0,930,1,0,308,84900,1Story,Norm,Edwards,RL,Abnorml
7,2007,2007,1302,1302,2,0,436,176485,1Story,Norm,Gilbert,RL,Partial
7,2007,2007,1316,1316,2,1,440,200141,1Story,Norm,CollgCr,RL,Partial
6,1964,1978,816,1977,1,1,540,165000,2Story,Artery,NAmes,RL,Normal
5,1957,2002,1216,1526,1,1,364,144500,1Story,Norm,Edwards,RL,Normal
8,2002,2002,1065,1989,2,1,586,255000,2Story,Norm,CollgCr,RL,Normal
6,1976,1976,1193,1523,2,1,478,180000,1Story,Norm,NWAmes,RL,Abnorml
7,2005,2005,1364,1364,2,1,484,185850,1Story,Norm,NridgHt,RL,Normal
7,1994,1994,973,1850,2,1,467,248000,2Story,Norm,NoRidge,RL,Normal
9,2008,2008,1104,2184,2,1,836,335000,2Story,Norm,NridgHt,RL,Normal
6,1932,1950,854,1991,1,1,432,220000,1.5Fin,Norm,Crawfor,RL,Normal
8,2001,2001,1338,1338,2,0,582,213500,1Story,Norm,StoneBr,RL,Normal
3,1935,1950,894,894,1,0,1248,81000,1Story,Norm,IDOTRR,C (all),Normal
5,1900,1950,662,2337,2,0,560,90000,2Story,Norm,OldTown,RM,Normal
6,1925,1980,1103,1103,1,1,440,110500,1Story,Artery,OldTown,RM,Normal
5,1966,1966,1154,1154,1,1,480,154000,1Story,Norm,NAmes,RL,Normal
7,1996,1997,1306,2260,2,0,533,328000,2Story,Norm,ClearCr,RL,Normal
6,1993,1994,799,1571,2,1,380,178000,2Story,Norm,Gilbert,RL,Normal
6,1964,1964,780,1611,1,0,442,167900,2Story,Norm,NAmes,RL,Normal
6,1973,1973,942,2521,2,1,576,151400,2Story,Norm,MeadowV,RM,Normal
5,1949,2003,845,893,1,0,576,135000,1.5Unf,Norm,NAmes,RL,Normal
5,1956,1956,1048,1048,1,0,286,135000,1Story,Norm,NAmes,RL,Normal
6,1968,1968,727,1556,1,0,441,154000,2Story,RRAn,NWAmes,RL,Normal
5,1948,1950,810,1456,1,1,280,91500,1.5Fin,Artery,Edwards,RL,Normal
6,1977,1977,690,1426,1,0,440,159500,2Story,Norm,Edwards,RL,Normal
7,2006,2006,1240,1240,2,0,826,194000,1Story,Norm,CollgCr,RL,Normal
7,1940,1984,800,1740,1,2,240,219500,2Story,Norm,Crawfor,RL,Normal
5,1936,1989,796,1466,2,1,566,170000,1.5Fin,Norm,OldTown,RL,Normal
5,1969,1969,1096,1096,1,0,299,138800,1Story,Norm,NAmes,RL,Abnorml
6,2004,2004,848,848,1,1,420,155900,1Story,Norm,CollgCr,RM,Normal
5,1994,1994,990,990,1,0,299,126000,1Story,Norm,CollgCr,RL,Normal
6,1971,2004,1258,1258,2,0,528,145000,1Story,Norm,NWAmes,RL,Abnorml
5,1963,1963,1040,1040,1,0,308,133000,1Story,Feedr,Sawyer,RL,Normal
7,2002,2002,1459,1459,2,1,527,192000,1Story,Norm,CollgCr,RL,Normal
6,1964,1964,1251,1251,1,2,461,160000,1Story,Norm,NAmes,RL,Normal
6,1995,1996,691,1498,2,1,409,187500,2Story,Norm,Gilbert,RL,Normal
6,1992,1992,936,996,1,0,564,147000,SFoyer,Norm,SawyerW,RL,Normal
4,1973,1973,546,1092,1,0,286,83500,2Story,Norm,MeadowV,RM,Normal
8,2005,2006,1082,1953,2,1,1043,252000,2Story,Norm,Somerst,FV,Normal
7,2004,2004,970,1709,2,0,380,137500,2Story,Norm,Edwards,RM,Normal
8,2005,2005,1247,1247,1,1,550,197000,1Story,Norm,Somerst,FV,Normal
3,1950,1950,0,1040,2,0,400,92900,1Story,Norm,NAmes,RL,Normal
7,1999,2000,600,1252,2,0,462,160000,2Story,Norm,Somerst,FV,Normal
6,1925,1950,1181,1694,2,1,576,136500,1.5Fin,Norm,SWISU,RL,Normal
5,1965,1998,864,1200,1,0,884,146000,1Story,Feedr,NAmes,RL,Normal
5,1956,2000,936,936,1,0,308,129000,1Story,Norm,NAmes,RL,Normal
6,2006,2006,1314,1314,2,1,440,176432,1Story,Norm,CollgCr,RL,Normal
6,1914,2006,684,1355,1,0,0,127000,2Story,Norm,IDOTRR,RM,Normal
8,1986,1986,1074,1088,1,0,461,170000,1Story,Norm,StoneBr,RL,Normal
4,1936,1950,672,1324,1,0,240,128000,1.5Fin,Norm,BrkSide,RM,Normal
7,1978,1978,1271,1601,2,1,478,157000,1Story,RRAn,NWAmes,RL,Abnorml
2,1920,1950,290,438,1,0,246,60000,1Story,Norm,SWISU,RL,Normal
5,1971,1971,950,950,1,0,280,119500,1Story,Norm,NAmes,RL,Normal
5,1960,2002,1010,1134,1,0,254,135000,1Story,Norm,NAmes,RL,Family
6,1959,1959,655,1194,1,1,539,159500,1Story,Norm,NAmes,RL,Normal
5,1970,1970,630,1302,2,0,440,106000,2Story,Norm,BrDale,RM,Normal
8,1994,1995,1463,2622,2,2,712,325000,2Story,Norm,NoRidge,RL,Normal
7,1990,1991,910,1442,2,1,719,179900,1Story,Feedr,SawyerW,RL,Normal
7,2006,2006,868,2021,2,1,422,274725,2Story,Norm,Gilbert,RL,Partial
6,2000,2000,924,1690,2,1,463,181000,2Story,Norm,Gilbert,RL,Abnorml
8,2004,2005,1836,1836,2,1,862,280000,1Story,Norm,NridgHt,RL,Normal
6,1995,1996,773,1658,2,1,431,188000,2Story,Norm,Gilbert,RL,Normal
7,1976,1976,803,1964,2,1,483,205000,2Story,Norm,NWAmes,RL,Normal
5,1957,1957,816,816,1,0,308,129900,1Story,Norm,NAmes,RL,Normal
5,1953,2006,1008,1008,1,0,240,134500,1Story,Norm,NAmes,RL,Normal
5,1954,2000,833,833,1,0,326,117000,1Story,Norm,OldTown,RL,Normal
8,2007,2007,1734,1734,2,1,928,318000,1Story,Norm,NridgHt,RL,Partial
8,2002,2002,408,1419,2,1,527,184100,SLvl,Norm,Gilbert,RL,Normal
5,1967,2003,894,894,1,0,450,130000,1Story,Feedr,Sawyer,RL,Normal
5,1958,1987,533,1601,1,0,300,140000,SLvl,Norm,Sawyer,RL,Normal
5,1959,1959,1040,1040,1,0,286,133700,1Story,Norm,NAmes,RL,Normal
6,1920,1950,1012,1012,1,1,308,118400,1Story,Norm,IDOTRR,RM,Normal
7,2005,2006,1552,1552,2,0,782,212900,1Story,Norm,CollgCr,RL,Partial
4,1956,1956,672,960,1,0,288,112000,1Story,Norm,Edwards,RL,Abnorml
5,1947,2008,698,698,1,0,0,118000,1Story,Norm,Edwards,RL,Normal
7,1992,1992,384,1482,2,1,392,163900,SLvl,Norm,Gilbert,RL,Normal
4,1955,1955,1005,1005,1,1,672,115000,1Story,Norm,NAmes,RL,Normal
7,2007,2007,1373,1555,2,1,660,174000,1Story,Norm,Blmngtn,RL,Normal
7,2004,2004,1530,1530,2,1,630,259000,1Story,Norm,Gilbert,RL,Family
7,2004,2005,847,1959,2,1,434,215000,2Story,Norm,Gilbert,RL,Normal
5,1980,1980,936,936,1,0,672,140000,SFoyer,Norm,OldTown,RM,Normal
4,1928,1950,1122,1981,2,2,576,135000,1.5Fin,Norm,SWISU,RL,Normal
5,1991,1992,974,974,1,0,0,93500,1Story,Norm,Mitchel,RL,Abnorml
6,1880,1950,1008,2210,2,0,205,117500,2Story,Norm,OldTown,RM,Normal
8,1995,1995,1128,2020,2,1,466,239500,2Story,Norm,SawyerW,RL,Normal
6,1997,1997,916,1600,2,1,460,169000,2Story,Norm,Gilbert,RL,Normal
6,1926,1950,960,986,1,1,180,102000,1Story,Norm,BrkSide,RM,Normal
6,1950,1950,1032,1252,1,0,288,119000,1.5Fin,Norm,NAmes,RL,Abnorml
5,1875,1996,780,1020,1,0,0,94000,1.5Fin,Feedr,Sawyer,RL,Normal
6,1977,1977,1567,1567,2,2,714,196000,1Story,Norm,Mitchel,RL,Normal
5,1920,1950,915,1167,1,1,495,144000,1Story,Norm,BrkSide,RL,Normal
5,1951,1951,952,952,1,0,840,139000,1Story,Norm,NAmes,RL,Abnorml
5,1976,1976,780,1868,2,1,484,197500,2Story,PosN,NWAmes,RL,Normal
8,2006,2007,1466,2828,3,1,1052,424870,2Story,Norm,CollgCr,RL,Partial
5,1959,1959,1006,1006,1,0,0,80000,1Story,Norm,Sawyer,RL,Normal
4,1941,1950,672,924,1,0,280,80000,1.5Fin,Norm,Edwards,RL,Normal
5,1928,1950,1042,1576,1,1,225,149000,1.5Fin,Norm,BrkSide,RM,Family
6,1985,1985,1298,1298,2,1,403,180000,1Story,Norm,SawyerW,RL,Normal
7,1941,1950,704,1564,1,1,234,174500,2Story,Norm,Crawfor,RL,Normal
7,1926,1950,572,1111,1,1,288,116900,1.5Fin,Norm,OldTown,RM,Normal
7,1920,1988,650,1482,1,0,324,143000,2Story,Artery,OldTown,RM,Normal
6,1950,1950,932,932,1,1,306,124000,1Story,Norm,NAmes,RL,Normal
5,1959,1959,1466,1466,1,2,528,149900,1Story,Norm,Edwards,RL,Normal
6,1956,2004,1073,1811,1,1,470,230000,1Story,Norm,Crawfor,RL,Abnorml
6,1930,2007,816,816,1,0,432,120500,1Story,Norm,IDOTRR,RM,Normal
7,1965,1988,864,1820,1,2,492,201800,2Story,Norm,NAmes,RL,Normal
5,1976,2004,1437,1437,2,1,528,218000,1Story,Norm,Veenker,RL,Normal
5,1965,1999,1219,1265,2,1,502,179900,SLvl,Norm,NAmes,RL,Normal
7,2007,2008,1314,1314,2,1,626,230000,1Story,Norm,NridgHt,RL,Normal
8,2007,2008,1580,1580,2,0,830,235128,1Story,Feedr,Somerst,RL,Partial
6,1974,1974,901,1876,2,1,540,185000,2Story,Norm,NWAmes,RL,Normal
6,1978,1978,855,1456,2,1,440,146000,2Story,Norm,NPkVill,RL,Normal
6,1954,2006,1296,1640,1,1,924,224000,1Story,PosN,Crawfor,RL,Normal
5,1968,1968,894,894,1,1,450,129000,1Story,Norm,Sawyer,RL,Normal
4,1969,1969,1198,1258,0,0,400,108959,SFoyer,Feedr,Sawyer,RL,Alloca
5,1978,1978,1360,1432,1,1,588,194000,SLvl,Feedr,Veenker,RL,Normal
7,2009,2009,1502,1502,2,0,644,233170,1Story,Norm,NridgHt,RL,Partial
8,2008,2008,1694,1694,2,0,776,245350,1Story,Norm,CollgCr,RL,Normal
6,2000,2000,959,1671,2,1,472,173000,2Story,RRAn,Gilbert,RL,Normal
6,1935,1986,1127,2108,2,2,540,235000,2Story,Norm,Edwards,RL,Normal
10,1995,1996,1930,3627,3,1,807,625000,2Story,Norm,NoRidge,RL,Normal
6,1977,1977,1096,1118,1,1,358,171000,SLvl,Norm,Mitchel,RL,Normal
6,1958,1958,1261,1261,1,1,433,163000,1Story,Norm,NAmes,RL,Normal
7,2006,2007,625,1250,2,0,625,171900,2Story,Norm,Somerst,FV,Normal
5,1946,1994,1598,3086,3,1,0,200500,1.5Fin,Norm,ClearCr,RL,Normal
6,1932,1950,952,2345,2,1,360,239000,2Story,Norm,Crawfor,RL,Normal
8,1992,2000,1683,2872,2,1,541,285000,1.5Fin,Norm,NoRidge,RL,Normal
5,1984,1985,876,923,1,0,264,119500,1Story,Norm,Mitchel,RL,Normal
6,1926,2004,818,1224,1,0,210,115000,1.5Fin,Artery,OldTown,RM,Normal
5,1921,1950,731,1343,1,1,186,154900,1.5Fin,Norm,Crawfor,RL,Normal
5,1954,1954,0,1124,1,1,0,93000,1Story,Norm,Edwards,RL,Normal
7,1990,1991,1216,2514,2,0,693,250000,2Story,Norm,Timber,RL,Normal
8,2008,2008,1600,1652,2,1,482,392500,1Story,Norm,Crawfor,RM,Partial
10,1996,1996,2396,4476,3,2,813,745000,2Story,Norm,NoRidge,RL,Abnorml
5,1920,1950,1120,1130,1,1,720,120000,1Story,Norm,OldTown,RL,Normal
5,1963,1963,1572,1572,1,2,995,186700,1Story,Norm,Timber,RL,Normal
5,1924,1950,784,1221,1,0,392,104900,1.5Fin,Norm,Edwards,RL,Normal
3,1900,1970,978,1699,2,0,420,95000,2Story,Artery,OldTown,RL,Abnorml
8,1994,1995,1624,1624,2,1,757,262000,1Story,Norm,NoRidge,RL,Normal
7,2002,2002,831,1660,2,0,493,195000,2Story,Norm,CollgCr,RL,Normal
7,1999,1999,994,1804,2,1,442,189000,2Story,Norm,Gilbert,RL,Normal
4,1961,1975,1249,1622,1,1,1356,168000,1Story,Norm,Mitchel,RL,Normal
8,1999,2000,776,1441,2,0,492,174000,2Story,Norm,Somerst,FV,Normal
5,1925,1994,702,1472,1,0,250,125000,1.5Fin,Norm,OldTown,RM,Normal
6,1999,1999,1224,1224,2,0,402,165000,1Story,Norm,Mitchel,RM,Normal
6,1969,1969,663,1352,1,0,299,158000,2Story,Norm,Sawyer,RL,Normal
6,2005,2005,728,1456,2,0,400,176000,2Story,Norm,Gilbert,RL,Normal
7,2006,2006,879,1863,2,1,660,219210,2Story,Norm,Gilbert,RL,Partial
7,1916,1950,815,1690,1,1,225,144000,2.5Unf,Norm,OldTown,RM,Normal
7,2001,2001,1212,1212,2,0,573,178000,1Story,Norm,CollgCr,RL,Normal
4,1963,1979,1051,1382,1,1,459,148000,1Story,Norm,Sawyer,RL,Normal
4,1970,1970,864,864,1,0,280,116050,1Story,Norm,NAmes,RL,Abnorml
7,1998,1998,866,1779,2,0,546,197900,2Story,Norm,CollgCr,RL,Normal
5,1925,1997,884,1348,1,1,216,117000,1.5Fin,Norm,BrkSide,RM,Normal
7,2000,2001,1630,1630,2,1,451,213000,1Story,Norm,CollgCr,RL,Normal
5,1975,1975,1056,1074,1,0,495,153500,1Story,Norm,NWAmes,RL,Normal
7,1990,1991,2158,2196,2,1,701,271900,1Story,Norm,SawyerW,RL,Normal
4,1966,1966,1056,1056,1,0,384,107000,1Story,Norm,SawyerW,RH,Normal
6,2003,2003,1682,1700,2,0,544,200000,1Story,Norm,CollgCr,RL,Normal
5,1962,1980,931,1283,1,0,506,140000,1Story,Norm,NAmes,RL,Normal
8,2006,2006,1660,1660,2,1,500,290000,1Story,RRNn,Somerst,RL,Partial
6,1992,1992,1055,1845,2,1,462,189000,2Story,Norm,SawyerW,RL,Normal
8,1988,2005,559,1752,2,0,492,164000,1.5Fin,Norm,Gilbert,RL,Normal
4,1941,1950,672,672,1,0,234,113000,1Story,Norm,Edwards,RL,Normal
4,1965,2001,648,960,0,0,364,145000,SLvl,Norm,Sawyer,RL,Normal
5,1962,1962,925,999,1,0,300,134500,SFoyer,Norm,NAmes,RL,Normal
5,1966,1966,894,894,1,0,384,125000,1Story,Norm,Sawyer,RL,Normal
6,1978,1978,0,1902,2,0,539,112000,1.5Fin,RRAe,Sawyer,RM,Normal
8,2009,2009,1300,1314,2,0,552,229456,1Story,Norm,Somerst,FV,Partial
4,1947,1950,0,912,1,0,0,80500,1.5Fin,Norm,BrkSide,RM,Normal
6,1971,1971,672,1218,1,0,0,91500,2Story,Norm,BrDale,RM,Abnorml
5,1964,1964,912,912,1,0,288,115000,1Story,Norm,NAmes,RL,Abnorml
5,1968,1968,952,1211,1,1,322,134000,1Story,Feedr,Sawyer,RL,Normal
6,1949,1950,1040,1846,2,1,315,143000,1.5Fin,Artery,NAmes,RL,Normal
5,1951,1951,2136,2136,2,0,528,137900,1Story,Norm,NAmes,RL,Normal
7,2004,2005,788,1490,2,1,388,184000,2Story,RRAn,Gilbert,RL,Normal
6,1958,1958,588,1138,1,0,264,145000,SLvl,Norm,NAmes,RL,Normal
6,2007,2007,894,1933,2,1,668,214000,2Story,Feedr,Somerst,RL,Normal
5,1965,2008,912,912,1,0,576,147000,1Story,Norm,NAmes,RL,Normal
9,2008,2008,1702,1702,1,1,1052,367294,1Story,Norm,NridgHt,RL,Partial
5,1960,1960,1075,1507,2,0,404,127000,SLvl,Norm,NAmes,RL,Normal
5,1977,1977,1361,2620,2,1,600,190000,1.5Fin,Feedr,Sawyer,RL,Normal
5,1962,1962,1106,1190,1,0,540,132500,SLvl,Norm,NAmes,RL,Normal
4,1962,1962,0,1224,2,0,462,101800,1Story,Norm,NAmes,RL,Normal
5,1959,1959,1188,1188,1,0,531,142000,1Story,Norm,NAmes,RL,Abnorml
5,1911,1950,940,1964,1,0,0,130000,2Story,Norm,SWISU,RH,Abnorml
5,1914,1950,747,1784,1,0,180,138887,2Story,Norm,Crawfor,RL,Normal
7,2003,2003,764,1626,2,0,474,175500,2Story,Norm,NridgHt,RL,Normal
7,2004,2005,847,1948,2,1,434,195000,2Story,Norm,CollgCr,RL,Normal
6,2005,2005,1141,1141,1,0,484,142500,1Story,RRAe,SawyerW,RL,Abnorml
8,2006,2006,1476,1484,2,1,472,265900,1Story,Norm,Timber,RL,Normal
7,2003,2003,884,1768,2,0,543,224900,2Story,Norm,CollgCr,RL,Normal
7,2007,2007,1689,1689,2,0,954,248328,1Story,Norm,Somerst,RL,Partial
7,1974,1974,1053,1173,2,2,528,170000,SFoyer,Norm,NWAmes,RL,Family
10,2006,2006,2076,2076,2,1,850,465000,1Story,Norm,NridgHt,RL,Partial
8,1929,1950,792,1517,1,2,400,230000,2Story,Norm,Crawfor,RL,Normal
6,1984,2003,585,1868,3,1,477,178000,SLvl,Norm,NWAmes,RL,Abnorml
7,2005,2006,756,1553,2,0,615,186500,2Story,Norm,Somerst,FV,Partial
6,1976,1976,1012,1034,1,0,888,169900,SLvl,Norm,Mitchel,RL,Normal
6,1917,1950,735,2058,1,1,396,129500,2.5Unf,Norm,OldTown,RM,Normal
5,1950,1950,876,988,1,0,276,119000,1Story,Norm,NAmes,RL,Normal
7,1968,1968,2110,2110,2,2,522,244000,1Story,Norm,NAmes,RL,Normal
7,2003,2003,1405,1405,2,1,478,171750,1Story,Norm,NridgHt,RL,Normal
5,1968,1968,864,874,1,0,288,130000,1Story,Norm,Mitchel,RL,Normal
7,1974,2003,1192,2167,2,2,518,294000,2Story,Norm,Veenker,RL,Normal
7,2003,2004,746,1656,2,1,397,165400,2Story,Norm,Edwards,RL,Normal
6,1931,1950,884,1367,1,1,560,127500,1.5Fin,Norm,BrkSide,RM,Normal
8,1994,1994,1986,1987,2,1,691,301500,1Story,Norm,NoRidge,RL,Normal
5,1922,1950,864,864,1,0,0,99900,1Story,Feedr,Edwards,RL,Normal
7,2005,2005,856,1166,2,0,400,190000,SLvl,Norm,Gilbert,RL,Normal
6,1969,1969,1054,1054,1,0,460,151000,1Story,Norm,NAmes,RL,Normal
6,1999,1999,841,1675,2,1,502,181000,2Story,RRAn,Gilbert,RL,Normal
5,1956,1956,1050,1050,1,0,338,128900,1Story,Norm,NAmes,RL,Normal
4,1957,1989,1104,1788,1,2,304,161500,1.5Fin,Norm,ClearCr,RL,Normal
6,1919,1950,764,1824,1,1,520,180500,2Story,Norm,BrkSide,RL,Normal
6,1998,1999,1405,1337,2,0,511,181000,1Story,Norm,NAmes,RH,Abnorml
7,1999,1999,691,1452,2,0,506,183900,2Story,Norm,Somerst,FV,Normal
7,1910,1950,925,1889,1,1,308,122000,2.5Unf,Feedr,OldTown,RM,Normal
9,2008,2009,2002,2018,2,1,746,378500,1Story,Norm,Timber,RL,Normal
8,1935,1997,728,3447,3,2,1014,381000,1.5Fin,Norm,Crawfor,RL,Normal
5,1958,1958,874,1524,1,0,315,144000,1.5Fin,Feedr,NAmes,RL,Normal
7,1979,1979,1332,1524,0,1,586,260000,1Story,Norm,ClearCr,RL,Normal
6,1968,1968,1489,1489,2,1,462,185750,1Story,PosN,NWAmes,RL,Normal
5,1965,1965,935,935,1,0,288,137000,1Story,Norm,Sawyer,RL,Normal
6,1959,2006,1019,1357,1,1,312,177000,SLvl,Norm,Edwards,RL,Normal
5,1910,2003,661,1250,2,1,552,139000,1.5Fin,Norm,Crawfor,RL,Normal
5,1948,1950,928,1920,2,0,400,137000,2Story,Feedr,NAmes,RL,Normal
6,1972,1972,723,1395,1,1,497,162000,2Story,Norm,NWAmes,RL,Normal
6,1967,1976,1680,1724,1,1,480,197900,SLvl,Norm,NWAmes,RL,Normal
8,2002,2002,1128,2031,2,1,577,237000,2Story,Norm,CollgCr,RL,Normal
4,1920,1950,698,1128,1,0,528,68400,1.5Fin,Norm,IDOTRR,C (all),Abnorml
7,2002,2002,1573,1573,2,0,544,227000,1Story,Norm,CollgCr,RL,Normal
7,1990,1990,1309,1339,2,1,484,180000,1Story,Norm,Timber,RL,Normal
5,1977,2008,1040,1040,2,0,484,150500,1Story,Norm,CollgCr,RL,Normal
6,1971,1971,912,1824,2,0,0,139000,2Story,Norm,Mitchel,RL,Normal
6,1919,1990,804,2447,2,1,336,169000,1.5Fin,Feedr,SWISU,RL,Normal
6,1939,1950,780,1412,1,1,280,132500,1.5Fin,Norm,BrkSide,RM,Normal
6,1963,1963,1328,1328,1,2,528,143000,1Story,Feedr,NWAmes,RL,Normal
5,1964,1964,1624,1582,2,0,390,190000,1Story,Norm,ClearCr,RL,Normal
8,2000,2000,1501,1659,2,1,499,278000,1Story,Norm,StoneBr,RL,Normal
8,2006,2006,1085,1970,2,1,753,281000,2Story,Norm,NridgHt,RL,Partial
5,1964,1964,1152,1152,1,1,484,180500,SLvl,Norm,NAmes,RL,Normal
5,1972,1972,630,1302,2,0,264,119500,2Story,Norm,BrDale,RM,Normal
5,1892,1965,994,2372,2,0,432,107500,2Story,Norm,OldTown,RM,Normal
7,1976,1976,832,1664,2,1,528,162900,2Story,Norm,NWAmes,RL,Normal
5,1955,1990,864,864,1,0,572,115000,1Story,Norm,Edwards,RL,Normal
5,1968,1968,1052,1052,1,0,288,138500,1Story,Feedr,NAmes,RL,Normal
5,1963,1963,1120,1128,2,0,525,155000,1Story,Norm,NAmes,RL,Normal
6,2005,2006,547,1072,2,0,525,140000,SFoyer,Norm,Edwards,RM,Partial
10,2008,2008,6110,5642,2,3,1418,160000,2Story,Feedr,Edwards,RL,Partial
5,1959,1994,1246,1246,1,0,305,154000,1Story,Norm,NAmes,RL,Normal
7,1999,1999,978,1983,2,1,490,225000,2Story,Norm,Gilbert,RL,Normal
6,1942,1950,771,1494,1,2,213,177500,2Story,Norm,Crawfor,RL,Normal
8,1994,1994,1165,2526,2,1,844,290000,2Story,Norm,NoRidge,RL,Normal
7,2005,2005,1616,1616,2,0,834,232000,1Story,Norm,Somerst,RL,Normal
7,2004,2004,976,1708,2,0,380,130000,2Story,Norm,Edwards,RM,Normal
9,2006,2007,1652,1652,2,2,840,325000,1Story,Norm,NridgHt,RL,Normal
7,2005,2006,1368,1368,2,1,474,202500,1Story,Norm,NridgHt,RL,Partial
5,1994,1995,990,990,1,0,480,138000,1Story,Norm,CollgCr,RL,Normal
5,1948,2005,924,1122,1,0,528,147000,1Story,Norm,OldTown,RM,Normal
6,1991,1991,1278,1294,2,0,496,179200,1Story,Norm,SawyerW,RL,Normal
7,1959,2002,1902,1902,2,2,567,335000,1Story,PosA,Crawfor,RL,Normal
7,2005,2007,1274,1274,2,0,508,203000,1Story,Norm,CollgCr,RL,Partial
8,1990,1990,1453,2810,2,1,750,302000,2Story,Norm,NoRidge,RL,Normal
9,1999,1999,1393,2599,2,1,779,333168,2Story,Norm,NoRidge,RL,Normal
4,1954,1954,948,948,1,1,280,119000,1Story,Norm,Edwards,RL,Normal
6,1969,1969,952,2112,2,2,576,206900,2Story,Norm,NAmes,RL,Normal
8,2008,2008,1622,1630,2,1,860,295493,1Story,Norm,CollgCr,RL,Normal
7,2006,2007,1352,1352,2,1,466,208900,1Story,Norm,Somerst,FV,Partial
8,2001,2002,1753,1787,2,1,748,275000,1Story,Norm,CollgCr,RL,Normal
4,1954,1954,864,948,1,0,248,111000,1Story,Norm,Edwards,RL,Normal
6,1957,1957,1478,1478,1,2,442,156500,1Story,Norm,NAmes,RL,Normal
3,1949,1950,0,720,1,0,287,72500,1Story,Feedr,BrkSide,RL,Normal
7,1992,1992,750,1923,2,1,564,190000,2Story,Norm,NoRidge,RL,Normal
4,1940,1950,420,708,1,0,0,82500,1Story,Norm,BrkSide,RL,Normal
8,2006,2007,1795,1795,2,1,895,147000,1Story,Norm,Somerst,RL,Partial
4,1922,1950,796,796,1,0,0,55000,1Story,Norm,IDOTRR,RM,Normal
3,1931,2006,544,774,1,0,0,79000,1Story,Norm,Edwards,RH,Normal
5,1982,2008,816,816,1,1,264,130500,1Story,Norm,Mitchel,RL,Normal
6,1920,1950,1510,2792,2,2,520,256000,1.5Fin,Norm,OldTown,RM,Normal
7,1998,1998,935,1632,2,1,462,176500,2Story,Norm,Gilbert,RL,Normal
8,2006,2006,1588,1588,2,1,825,227000,1Story,Norm,Somerst,RL,Normal
5,1976,1976,911,954,1,0,576,132500,SLvl,Norm,CollgCr,RL,Normal
4,1938,1958,816,816,1,1,288,100000,1Story,Norm,Edwards,RL,Normal
5,1938,1995,803,1360,1,0,297,125500,1.5Fin,Norm,IDOTRR,RM,Normal
5,1970,1970,765,1365,1,0,440,125000,2Story,Norm,BrDale,RM,Normal
6,1977,1977,1350,1334,2,1,630,167900,1Story,Norm,NWAmes,RL,Normal
5,1973,1973,1656,1656,2,0,506,135000,1Story,Feedr,NWAmes,RL,Normal
4,1941,1950,693,693,1,0,0,52500,1Story,Feedr,OldTown,RM,Normal
7,2002,2002,916,1861,2,0,492,200000,2Story,Norm,CollgCr,RL,Normal
5,1972,1972,864,864,1,0,288,128500,1Story,Norm,CollgCr,RL,Normal
4,1971,1971,858,872,1,0,480,123000,1Story,Norm,NAmes,RL,Normal
6,2003,2004,1114,1114,1,0,576,155000,1Story,RRAe,SawyerW,RL,Normal
8,2002,2002,1284,2169,2,1,647,228500,2Story,Norm,CollgCr,RL,Normal
6,1928,1950,896,1913,1,1,342,177000,1.5Fin,Norm,Crawfor,RL,Normal
7,2006,2006,728,1456,2,1,440,155835,2Story,Norm,CollgCr,RL,Partial
4,1920,1950,960,960,1,0,308,108500,1Story,Norm,OldTown,RM,Normal
7,1968,2003,1568,2156,2,1,508,262500,1Story,PosN,NWAmes,RL,Normal
8,2006,2007,1732,1776,2,1,712,283463,1Story,Norm,Timber,RL,Partial
7,1998,1998,1482,1494,2,1,514,215000,1Story,Norm,SawyerW,RL,Normal
8,1872,1987,684,2358,2,0,0,122000,2Story,Norm,OldTown,RM,Normal
5,1969,1969,1248,2634,2,0,968,200000,2Story,Artery,NAmes,RL,Normal
6,1962,1962,858,1716,1,1,490,171000,2Story,Norm,NAmes,RL,Normal
6,1937,2000,698,1176,1,0,624,134900,1.5Fin,Norm,BrkSide,RM,Normal
8,1995,1996,2033,3238,2,1,666,410000,1.5Fin,Norm,NoRidge,RL,Normal
7,2000,2000,992,1865,2,1,839,235000,2Story,Norm,CollgCr,RL,Normal
7,1968,1992,570,1920,3,1,487,170000,SLvl,Norm,NWAmes,RL,Normal
5,1966,1966,864,892,1,0,264,110000,1Story,Norm,NAmes,RL,Normal
5,1971,2008,1078,1078,1,1,500,149900,1Story,Norm,NAmes,RL,Normal
6,2000,2000,756,1573,2,0,440,177500,2Story,Norm,Somerst,FV,Normal
9,2004,2005,1980,1980,2,1,770,315000,1Story,Norm,NridgHt,RL,Normal
5,1921,1998,612,2601,3,0,621,189000,2Story,Feedr,SWISU,RL,Normal
7,2005,2005,1530,1530,2,1,430,260000,1Story,Norm,StoneBr,RL,Normal
4,1920,2007,715,1738,2,1,368,104900,1.5Fin,Feedr,NAmes,RL,Normal
6,2006,2007,616,1412,2,1,432,156932,2Story,Norm,Gilbert,RL,Partial
7,2005,2005,600,1200,2,0,480,144152,2Story,Norm,Somerst,FV,Abnorml
7,2000,2000,814,1674,2,0,663,216000,2Story,Norm,Somerst,FV,Normal
7,1999,1999,873,1790,2,0,588,193000,2Story,Norm,CollgCr,RL,Abnorml
5,1977,1977,757,1475,2,1,336,127000,2Story,Norm,MeadowV,RM,Normal
6,2003,2004,848,848,1,0,420,144000,1Story,Norm,CollgCr,RM,Normal
8,2003,2003,1657,1668,2,1,502,232000,1Story,Norm,CollgCr,RL,Normal
4,1920,1950,840,1374,1,0,338,105000,1.5Fin,Artery,OldTown,RL,Normal
6,1955,1996,992,1661,1,1,377,165500,SLvl,Norm,NAmes,RL,Normal
7,1998,1998,1108,2097,2,1,583,274300,2Story,Norm,CollgCr,RL,Normal
10,2001,2002,2633,2633,2,2,804,466500,1Story,Norm,NoRidge,RL,Normal
7,2005,2005,1026,1958,2,1,936,250000,2Story,Norm,Somerst,FV,Normal
8,2007,2007,1571,1571,2,1,722,239000,1Story,Norm,Timber,RL,Partial
6,1930,1950,768,790,1,0,160,91000,1Story,Norm,SWISU,RL,Normal
5,1941,1960,984,1604,2,0,660,117000,1.5Fin,Norm,Edwards,RL,Normal
6,1973,1973,483,987,1,0,264,83000,2Story,Norm,BrDale,RM,Normal
3,1914,1950,864,864,1,0,200,58500,1Story,Norm,Edwards,RL,Normal
6,1970,1970,1205,2117,2,2,550,237500,1Story,Norm,NAmes,RL,Normal
7,1920,1950,596,1762,1,0,576,157000,2Story,Norm,OldTown,RM,Normal
5,1918,2007,816,1416,2,0,576,112000,1Story,Norm,Sawyer,RL,Normal
6,1939,1950,560,1258,1,0,280,105000,1.5Fin,Norm,Edwards,RL,Normal
4,1922,2007,796,1154,1,0,240,125500,1.5Fin,Norm,IDOTRR,RM,Normal
7,1978,1978,1392,2784,3,2,564,250000,2Story,RRAn,NWAmes,RL,Normal
6,1916,1950,714,2526,2,1,216,136000,1.5Fin,Artery,OldTown,RM,Family
9,2006,2007,1746,1746,2,2,758,377500,1Story,Norm,Gilbert,RL,Normal
6,1941,1950,735,1218,1,1,440,131000,1.5Fin,Norm,BrkSide,RM,Normal
7,2000,2000,1525,1525,2,0,541,235000,1Story,Norm,CollgCr,RL,Normal
5,1967,1967,1584,1584,2,0,792,124000,1Story,Norm,NAmes,RL,Normal
5,1967,1967,864,900,1,1,288,123000,SFoyer,Norm,NAmes,RL,Normal
6,1905,2000,482,1912,2,1,672,163000,1.5Fin,Norm,OldTown,RM,Normal
7,2006,2006,1356,1500,2,1,648,246578,1Story,Norm,Blmngtn,RL,Partial
8,2005,2006,1094,2482,2,1,642,281213,2Story,Norm,Timber,RL,Normal
5,1948,1950,747,1687,1,2,572,160000,1Story,Norm,Timber,RL,Normal
5,1920,2004,939,1513,1,0,180,137500,2Story,Norm,BrkSide,RM,Normal
5,1950,1982,1208,1904,1,0,240,138000,1.5Fin,Norm,NAmes,RL,Normal
6,1925,1990,976,1608,2,1,216,137450,1.5Fin,Norm,SWISU,RL,Normal
6,1929,1950,862,1158,1,1,208,120000,1.5Fin,Norm,BrkSide,RM,Normal
6,2004,2004,839,1593,2,1,398,193000,2Story,Norm,Gilbert,RL,Normal
7,2006,2006,1286,1294,2,1,662,193879,1Story,Norm,CollgCr,RL,Partial
8,2007,2007,1485,1464,2,0,754,282922,1Story,RRAn,Somerst,RL,Normal
3,1915,1950,672,1214,1,0,936,105000,1.5Fin,Artery,OldTown,RL,Family
8,2004,2005,1594,1646,2,1,482,275000,1Story,Norm,Crawfor,RM,Normal
5,1972,2007,768,768,1,0,396,133000,SFoyer,Norm,CollgCr,RL,Normal
5,1985,1985,833,833,1,0,0,112000,1Story,Norm,Mitchel,RL,Normal
4,1910,1950,622,1363,1,0,528,125500,2Story,Norm,OldTown,RM,Normal
7,1986,1991,791,2093,2,1,542,215000,2Story,Norm,NWAmes,RL,Normal
7,2001,2001,944,1840,2,0,622,230000,2Story,Norm,CollgCr,RL,Normal
6,1950,2005,856,1668,1,0,271,140000,1.5Fin,Norm,NAmes,RL,Normal
4,1949,1950,0,1040,2,0,420,90000,1Story,Norm,NAmes,RL,Normal
8,2005,2006,1844,1844,2,1,620,257000,1Story,Norm,SawyerW,RL,Abnorml
6,1923,2000,833,1848,1,1,370,207000,1.5Fin,Norm,BrkSide,RL,Normal
7,2007,2007,1386,1569,2,1,660,175900,1Story,Norm,Blmngtn,RL,Normal
4,1885,1950,777,2290,2,0,560,122500,2Story,Norm,OldTown,RM,Normal
8,1998,1998,1284,2450,2,1,1069,340000,2Story,Norm,NoRidge,RL,Normal
5,1963,1963,1144,1144,1,0,336,124000,1Story,Norm,NAmes,RL,Normal
6,1969,1969,1844,1844,2,1,540,223000,1Story,Norm,Crawfor,RL,Normal
6,1968,1968,708,1416,2,1,776,179900,2Story,Norm,NWAmes,RL,Normal
6,1977,1977,1069,1069,2,1,440,127500,1Story,Norm,NPkVill,RL,Normal
6,2003,2003,848,848,1,0,420,136500,1Story,Norm,CollgCr,RM,Normal
6,1966,1966,697,2201,2,1,432,274970,SLvl,Norm,Edwards,RL,Alloca
5,1958,1983,1024,1344,1,1,484,144000,1Story,Norm,NAmes,RL,Normal
6,1959,1959,1252,1252,1,0,528,142000,1Story,Norm,NAmes,RL,Normal
7,1994,1994,1223,2127,2,2,525,271000,2Story,Norm,NoRidge,RL,Normal
5,1945,1950,913,1558,1,1,288,140000,1.5Fin,Artery,NAmes,RL,Normal
5,1940,1992,788,804,1,2,240,119000,1Story,Norm,OldTown,RM,Abnorml
6,1981,1981,1440,1440,2,1,467,182900,1Story,Norm,NWAmes,RL,Normal
5,2005,2005,732,1838,2,1,372,192140,2Story,RRAn,Gilbert,RL,Normal
6,1976,1976,958,958,2,0,440,143750,1Story,Norm,NPkVill,RL,Normal
4,1927,2007,656,968,2,0,216,64500,1Story,Norm,OldTown,RL,Normal
6,2000,2000,936,1792,2,1,451,186500,2Story,Norm,Gilbert,RL,Normal
5,1977,1977,1126,1126,2,1,484,160000,1Story,Norm,Mitchel,RL,Normal
6,1962,2005,1319,1537,1,1,462,174000,1Story,Norm,NAmes,RL,Abnorml
4,1971,1971,864,864,1,0,528,120500,1Story,Norm,NAmes,RL,Normal
8,2008,2008,1932,1932,2,1,774,394617,1Story,Norm,NridgHt,RL,Partial
6,1957,1996,912,1236,1,0,923,149700,1Story,Artery,OldTown,RM,Normal
7,1979,1979,539,1725,2,1,550,197000,SLvl,Norm,NWAmes,RL,Normal
6,1922,1994,588,2555,2,1,672,191000,2.5Fin,Norm,Crawfor,RL,Normal
6,2004,2004,848,848,1,1,420,149300,1Story,Norm,CollgCr,RM,Normal
10,2008,2008,1017,2007,2,1,812,310000,2Story,Norm,Somerst,FV,Normal
6,1916,1950,952,952,1,1,192,121000,1.5Unf,Norm,BrkSide,RL,Normal
7,2004,2004,1422,1422,2,0,626,179600,1Story,Norm,CollgCr,RL,Normal
6,1966,1966,814,913,1,0,240,129000,SFoyer,Norm,Sawyer,RL,Normal
5,1962,1962,1188,1188,1,0,312,157900,1Story,Norm,Mitchel,RL,Normal
8,1995,1996,1220,2090,2,1,556,240000,2Story,Norm,CollgCr,RL,Normal
4,1910,2000,560,1346,1,0,384,112000,2Story,Norm,Edwards,RL,Normal
5,1970,1970,630,630,1,0,0,92000,SFoyer,Norm,MeadowV,RM,Abnorml
5,1974,1974,896,1792,2,0,0,136000,2Story,Norm,NAmes,RL,Normal
8,2008,2009,1573,1578,2,1,840,287090,1Story,Norm,Somerst,RL,Partial
5,2005,2005,547,1072,1,0,525,145000,SLvl,Norm,Edwards,RM,Normal
5,2006,2006,1140,1140,1,0,0,84500,1Story,Norm,Mitchel,RL,Abnorml
7,2004,2005,1221,1221,2,0,400,185000,1Story,Norm,Somerst,FV,Normal
6,1999,2000,953,1647,2,1,460,175000,2Story,Norm,Gilbert,RL,Normal
6,1978,1988,1542,2073,2,2,500,210000,1Story,Norm,NWAmes,RL,Normal
7,1941,2006,1152,2340,2,2,252,266500,2Story,Norm,Crawfor,RL,Normal
5,1950,1996,1078,1078,1,0,240,142125,1Story,Norm,NAmes,RL,Normal
5,1965,1965,1256,1256,1,0,276,147500,1Story,Norm,Edwards,RL,Normal
